name,canonical_smiles,smiles,inchi_key,sources,source_ids,in_dilirank,dilirank_category,in_tdc_dili_pos,sider_terms,known_hepatotoxic
OSIMERTINIB,C=CC(=O)Nc1cc(Nc2nccc(-c3cn(C)c4ccccc34)n2)c(OC)cc1N(C)CCN(C)C,C=CC(=O)Nc1cc(Nc2nccc(-c3cn(C)c4ccccc34)n2)c(OC)cc1N(C)CCN(C)C,DUYJMQONPNNFPI-UHFFFAOYSA-N,chembl;drugcentral;pubchem,CHEMBL3353410;CHEMBL3545063;5062;71496458,1,vLess-DILI-Concern,0,,1
CEFDINIR,C=CC1=C(C(=O)O)N2C(=O)[C@@H](NC(=O)/C(=N\O)c3csc(N)n3)[C@H]2SC1,C=CC1=C(C(=O)O)N2C(=O)[C@@H](NC(=O)/C(=N\O)c3csc(N)n3)[C@H]2SC1,RTXOFQZKPXMALH-GHXIOONMSA-N,chembl;drugcentral;pubchem,CHEMBL927;533;6915944,1,vLess-DILI-Concern,0,,1
CEFIXIME,C=CC1=C(C(=O)O)N2C(=O)[C@@H](NC(=O)/C(=N\OCC(=O)O)c3csc(N)n3)[C@H]2SC1,C=CC1=C(C(=O)O)N2C(=O)[C@@H](NC(=O)/C(=N\OCC(=O)O)c3csc(N)n3)[C@H]2SC1,OKBVVJOGVLARMR-QSWIMTSFSA-N,chembl;drugcentral;pubchem,CHEMBL1541;537;5362065,1,vLess-DILI-Concern,0,,1
tacrolimus,C=CC[C@@H]1/C=C(\C)C[C@H](C)C[C@H](OC)[C@H]2O[C@@](O)(C(=O)C(=O)N3CCCC[C@H]3C(=O)O[C@H](/C(C)=C/[C@@H]3CC[C@@H](O)[C@H](OC)C3)[C@@H](C)[C@@H](O)CC1=O)[C@H](C)C[C@@H]2OC,CO[C@@H]1C[C@@H](CC[C@H]1O)\C=C(/C)[C@H]1OC(=O)[C@@H]2CCCCN2C(=O)C(=O)[C@]2(O)O[C@@H]([C@H](C[C@H]2C)OC)[C@H](C[C@@H](C)C\C(C)=C\[C@@H](CC=C)C(=O)C[C@H](O)[C@@H]1C)OC,QJJXYPPXXYFBGM-ZIUDIOLZSA-N,drugcentral,2552,1,vLess-DILI-Concern,0,,1
QUININE,C=C[C@H]1CN2CC[C@H]1C[C@H]2[C@H](O)c1ccnc2ccc(OC)cc12,C=C[C@H]1CN2CC[C@H]1C[C@H]2[C@H](O)c1ccnc2ccc(OC)cc12,LOUPRKONTZGTKE-WZBLMQSHSA-N,chembl;pubchem,CHEMBL170;CHEMBL2359966;3034034,1,vLess-DILI-Concern,0,,1
quinine,C=C[C@H]1C[N@@]2CC[C@H]1C[C@H]2[C@H](O)c1ccnc2ccc(OC)cc12,COC1=CC=C2N=CC=C([C@@H](O)[C@@H]3C[C@@H]4CC[N@]3C[C@@H]4C=C)C2=C1,LOUPRKONTZGTKE-WZBLMQSHSA-N,drugcentral,4523,1,vLess-DILI-Concern,0,,1
LINAGLIPTIN,CC#CCn1c(N2CCC[C@@H](N)C2)nc2c1c(=O)n(Cc1nc(C)c3ccccc3n1)c(=O)n2C,CC#CCn1c(N2CCC[C@@H](N)C2)nc2c1c(=O)n(Cc1nc(C)c3ccccc3n1)c(=O)n2C,LTXREWYXXSTFRX-QGZVFWFLSA-N,chembl;drugcentral;pubchem,CHEMBL237500;4175;10096344,1,vLess-DILI-Concern,0,,1
MIFEPRISTONE,CC#C[C@]1(O)CC[C@H]2[C@@H]3CCC4=CC(=O)CCC4=C3[C@@H](c3ccc(N(C)C)cc3)C[C@@]21C,CC#C[C@]1(O)CC[C@H]2[C@@H]3CCC4=CC(=O)CCC4=C3[C@@H](c3ccc(N(C)C)cc3)C[C@@]21C,VKHAHZOOUSRJNA-GCNJZUOMSA-N,chembl;drugcentral;pubchem,CHEMBL1276308;1805;55245,1,vLess-DILI-Concern,0,,1
METHAZOLAMIDE,CC(=O)/N=c1/sc(S(N)(=O)=O)nn1C,CC(=O)/N=c1/sc(S(N)(=O)=O)nn1C,FLOSMHQXBMRNHR-QPJJXVBHSA-N,chembl,CHEMBL19,1,vLess-DILI-Concern,0,,1
WARFARIN,CC(=O)CC(c1ccccc1)c1c(O)c2ccccc2oc1=O,CC(=O)CC(c1ccccc1)c1c(O)c2ccccc2oc1=O,PJVWKTKQMONHTI-UHFFFAOYSA-N,chembl;drugcentral;pubchem,CHEMBL1464;CHEMBL1200772;CHEMBL1200879;2847;54678486,1,vLess-DILI-Concern,0,,1
DEFEROXAMINE,CC(=O)N(O)CCCCCNC(=O)CCC(=O)N(O)CCCCCNC(=O)CCC(=O)N(O)CCCCCN,CC(=O)N(O)CCCCCNC(=O)CCC(=O)N(O)CCCCCNC(=O)CCC(=O)N(O)CCCCCN,UBQYURCVBFRUQT-UHFFFAOYSA-N,chembl;drugcentral;pubchem,CHEMBL556;CHEMBL1234;792;2973,1,vLess-DILI-Concern,0,,1
ACAMPROSATE,CC(=O)NCCCS(=O)(=O)O,CC(=O)NCCCS(=O)(=O)O,AFCGFAGUEYAMAO-UHFFFAOYSA-N,chembl;drugcentral;pubchem,CHEMBL1201293;CHEMBL2068724;38;71158,1,vLess-DILI-Concern,0,,1
LINEZOLID,CC(=O)NC[C@H]1CN(c2ccc(N3CCOCC3)c(F)c2)C(=O)O1,CC(=O)NC[C@H]1CN(c2ccc(N3CCOCC3)c(F)c2)C(=O)O1,TYZROVQLWOKYKF-ZDUSSCGKSA-N,chembl;drugcentral;pubchem,CHEMBL126;1584;441401,1,vLess-DILI-Concern,0,,1
Prednisone acetate,CC(=O)OCC(=O)[C@@]1(O)CC[C@H]2[C@@H]3CCC4=CC(=O)C=C[C@]4(C)[C@H]3C(=O)C[C@@]21C,CC(=O)OCC(=O)[C@]1(CC[C@@H]2[C@@]1(CC(=O)[C@H]3[C@H]2CCC4=CC(=O)C=C[C@]34C)C)O,MOVRKLZUVNCBIP-RFZYENFJSA-N,pubchem,91438,1,vLess-DILI-Concern,0,,1
PREDNISOLONE ACETATE,CC(=O)OCC(=O)[C@@]1(O)CC[C@H]2[C@@H]3CCC4=CC(=O)C=C[C@]4(C)[C@H]3[C@@H](O)C[C@@]21C,CC(=O)OCC(=O)[C@@]1(O)CC[C@H]2[C@@H]3CCC4=CC(=O)C=C[C@]4(C)[C@H]3[C@@H](O)C[C@@]21C,LRJOMUJRLNCICJ-JZYPGELDSA-N,chembl;drugcentral;pubchem,CHEMBL1152;2247;5834,1,vLess-DILI-Concern,0,,1
METHYLPREDNISOLONE ACETATE,CC(=O)OCC(=O)[C@@]1(O)CC[C@H]2[C@@H]3C[C@H](C)C4=CC(=O)C=C[C@]4(C)[C@H]3[C@@H](O)C[C@@]21C,CC(=O)OCC(=O)[C@@]1(O)CC[C@H]2[C@@H]3C[C@H](C)C4=CC(=O)C=C[C@]4(C)[C@H]3[C@@H](O)C[C@@]21C,PLBHSZGDDKCEHR-LFYFAGGJSA-N,chembl;drugcentral,CHEMBL1364144;1770,1,vLess-DILI-Concern,0,,1
PACLITAXEL,CC(=O)O[C@H]1C(=O)[C@@]2(C)[C@H]([C@H](OC(=O)c3ccccc3)[C@]3(O)C[C@H](OC(=O)[C@H](O)[C@@H](NC(=O)c4ccccc4)c4ccccc4)C(C)=C1C3(C)C)[C@]1(OC(C)=O)CO[C@@H]1C[C@@H]2O,CC(=O)O[C@H]1C(=O)[C@@]2(C)[C@H]([C@H](OC(=O)c3ccccc3)[C@]3(O)C[C@H](OC(=O)[C@H](O)[C@@H](NC(=O)c4ccccc4)c4ccccc4)C(C)=C1C3(C)C)[C@]1(OC(C)=O)CO[C@@H]1C[C@@H]2O,RCINICONZNJXQF-MZXODVADSA-N,chembl;drugcentral;pubchem,CHEMBL428647;2044;36314,1,vLess-DILI-Concern,0,,1
PRASUGREL,CC(=O)Oc1cc2c(s1)CCN(C(C(=O)C1CC1)c1ccccc1F)C2,CC(=O)Oc1cc2c(s1)CCN(C(C(=O)C1CC1)c1ccccc1F)C2,DTGLZDAWLRGWQN-UHFFFAOYSA-N,chembl;drugcentral;pubchem,CHEMBL1201772;CHEMBL1201773;CHEMBL6068340;4113;6918456,1,vLess-DILI-Concern,0,,1
ASPIRIN,CC(=O)Oc1ccccc1C(=O)O,CC(=O)Oc1ccccc1C(=O)O,BSYNRYMUTXBXSQ-UHFFFAOYSA-N,chembl;drugcentral;pubchem,CHEMBL25;74;2244;21975;71586929,1,vLess-DILI-Concern,0,,1
SPIRONOLACTONE,CC(=O)S[C@@H]1CC2=CC(=O)CC[C@]2(C)[C@H]2CC[C@@]3(C)[C@@H](CC[C@@]34CCC(=O)O4)[C@H]12,CC(=O)S[C@@H]1CC2=CC(=O)CC[C@]2(C)[C@H]2CC[C@@]3(C)[C@@H](CC[C@@]34CCC(=O)O4)[C@H]12,LXMSZDCAJNLERA-ZHYRCANASA-N,chembl;drugcentral;pubchem,CHEMBL1393;2475;5833,1,vLess-DILI-Concern,0,,1
Ulipristal,CC(=O)[C@@]1(O)CC[C@H]2[C@@H]3CCC4=CC(=O)CCC4=C3[C@@H](c3ccc(N(C)C)cc3)C[C@@]21C,CC(=O)[C@]1(CC[C@@H]2[C@@]1(C[C@@H](C3=C4CCC(=O)C=C4CC[C@@H]23)C5=CC=C(C=C5)N(C)C)C)O,HKDLNTKNLJPAIY-WKWWZUSTSA-N,pubchem,13559281,1,vLess-DILI-Concern,0,,1
PROGESTERONE,CC(=O)[C@H]1CC[C@H]2[C@@H]3CCC4=CC(=O)CC[C@]4(C)[C@H]3CC[C@]12C,CC(=O)[C@H]1CC[C@H]2[C@@H]3CCC4=CC(=O)CC[C@]4(C)[C@H]3CC[C@]12C,RJKFOVLPORLFTN-LEKSSAKUSA-N,chembl;drugcentral;pubchem,CHEMBL103;2279;5994,1,vLess-DILI-Concern,0,,1
PALBOCICLIB,CC(=O)c1c(C)c2cnc(Nc3ccc(N4CCNCC4)cn3)nc2n(C2CCCC2)c1=O,CC(=O)c1c(C)c2cnc(Nc3ccc(N4CCNCC4)cn3)nc2n(C2CCCC2)c1=O,AHJRHEGDXFFMBM-UHFFFAOYSA-N,chembl;drugcentral;pubchem,CHEMBL189963;4941;5330286,1,vLess-DILI-Concern,0,,1
FLURBIPROFEN,CC(C(=O)O)c1ccc(-c2ccccc2)c(F)c1,CC(C(=O)O)c1ccc(-c2ccccc2)c(F)c1,SYTBZMRGLBWNTM-UHFFFAOYSA-N,chembl;drugcentral;pubchem,CHEMBL563;CHEMBL3989754;1219;3394,1,vLess-DILI-Concern,1,,1
KETOPROFEN,CC(C(=O)O)c1cccc(C(=O)c2ccccc2)c1,CC(C(=O)O)c1cccc(C(=O)c2ccccc2)c1,DKYWVDODHFEZIM-UHFFFAOYSA-N,chembl;drugcentral;pubchem,CHEMBL571;1528;3825,1,vLess-DILI-Concern,1,,1
ANASTROZOLE,CC(C)(C#N)c1cc(Cn2cncn2)cc(C(C)(C)C#N)c1,CC(C)(C#N)c1cc(Cn2cncn2)cc(C(C)(C)C#N)c1,YBBLVLTVTVSKRW-UHFFFAOYSA-N,chembl;drugcentral;pubchem,CHEMBL1399;210;2187,1,vLess-DILI-Concern,0,,1
ADEFOVIR DIPIVOXIL,CC(C)(C)C(=O)OCOP(=O)(COCCn1cnc2c(N)ncnc21)OCOC(=O)C(C)(C)C,CC(C)(C)C(=O)OCOP(=O)(COCCn1cnc2c(N)ncnc21)OCOC(=O)C(C)(C)C,WOZSCQDILHKSGG-UHFFFAOYSA-N,chembl;drugcentral;pubchem,CHEMBL922;88;60871,1,vLess-DILI-Concern,0,,1
SAQUINAVIR,CC(C)(C)NC(=O)[C@@H]1C[C@@H]2CCCC[C@@H]2CN1C[C@@H](O)[C@H](Cc1ccccc1)NC(=O)[C@H](CC(N)=O)NC(=O)c1ccc2ccccc2n1,CC(C)(C)NC(=O)[C@@H]1C[C@@H]2CCCC[C@@H]2CN1C[C@@H](O)[C@H](Cc1ccccc1)NC(=O)[C@H](CC(N)=O)NC(=O)c1ccc2ccccc2n1,QWAXKHKRTORLEM-UGJKXSETSA-N,chembl;drugcentral;pubchem,CHEMBL114;CHEMBL282042;2422;441243,1,vLess-DILI-Concern,0,,1
FINASTERIDE,CC(C)(C)NC(=O)[C@H]1CC[C@H]2[C@@H]3CC[C@H]4NC(=O)C=C[C@]4(C)[C@H]3CC[C@]12C,CC(C)(C)NC(=O)[C@H]1CC[C@H]2[C@@H]3CC[C@H]4NC(=O)C=C[C@]4(C)[C@H]3CC[C@]12C,DBEPLOCGEIEOCV-WSBQPABSSA-N,chembl;drugcentral;pubchem,CHEMBL710;1171;57363,1,vLess-DILI-Concern,0,,1
TERBUTALINE,CC(C)(C)NCC(O)c1cc(O)cc(O)c1,CC(C)(C)NCC(O)c1cc(O)cc(O)c1,XWTYSIMOBUGWOL-UHFFFAOYSA-N,chembl;drugcentral;pubchem,CHEMBL1760;CHEMBL1315867;2598;5403,1,vLess-DILI-Concern,0,,1
IVACAFTOR,CC(C)(C)c1cc(C(C)(C)C)c(NC(=O)c2c[nH]c3ccccc3c2=O)cc1O,CC(C)(C)c1cc(C(C)(C)C)c(NC(=O)c2c[nH]c3ccccc3c2=O)cc1O,PURKAOJPTOLRMP-UHFFFAOYSA-N,chembl;drugcentral;pubchem,CHEMBL2010601;4228;16220172,1,vLess-DILI-Concern,0,,1
MONTELUKAST,CC(C)(O)c1ccccc1CC[C@@H](SCC1(CC(=O)O)CC1)c1cccc(/C=C/c2ccc3ccc(Cl)cc3n2)c1,CC(C)(O)c1ccccc1CC[C@@H](SCC1(CC(=O)O)CC1)c1cccc(/C=C/c2ccc3ccc(Cl)cc3n2)c1,UCHDWCPVSPXUMX-TZIWLTJVSA-N,chembl;drugcentral;pubchem,CHEMBL787;CHEMBL1200681;1836;5281040,1,vLess-DILI-Concern,0,,1
ceftazidime,CC(C)(O/N=C(\C(=O)N[C@@H]1C(=O)N2C(C(=O)O)=C(C[n+]3ccccc3)CS[C@H]12)c1csc(N)n1)C(=O)O,CC(C)(O\N=C(/C(=O)N[C@H]1[C@H]2SCC(C[N+]3=CC=CC=C3)=C(N2C1=O)C(O)=O)C1=CSC(N)=N1)C(O)=O,ORFOPKXBNMVMKC-DWVKKRMSSA-O,drugcentral,559,1,vLess-DILI-Concern,0,,1
FENOFIBRIC ACID,CC(C)(Oc1ccc(C(=O)c2ccc(Cl)cc2)cc1)C(=O)O,CC(C)(Oc1ccc(C(=O)c2ccc(Cl)cc2)cc1)C(=O)O,MQOBSOSZFYZQOK-UHFFFAOYSA-N,chembl;drugcentral;pubchem,CHEMBL981;CHEMBL1201745;4505;64929,1,vLess-DILI-Concern,0,,1
PENICILLAMINE,CC(C)(S)[C@@H](N)C(=O)O,CC(C)(S)[C@@H](N)C(=O)O,VVNCNSJFMMFHPL-VKHMYHEASA-N,chembl;drugcentral;pubchem,CHEMBL1430;2081;5852,1,vLess-DILI-Concern,0,,1
PREGABALIN,CC(C)C[C@H](CN)CC(=O)O,CC(C)C[C@H](CN)CC(=O)O,AYXYPKUFHZROOJ-ZETCQYMHSA-N,chembl;drugcentral;pubchem,CHEMBL1059;2255;5486971,1,vLess-DILI-Concern,0,,1
TRIPTORELIN PAMOATE,CC(C)C[C@H](NC(=O)[C@@H](Cc1c[nH]c2ccccc12)NC(=O)[C@H](Cc1ccc(O)cc1)NC(=O)[C@H](CO)NC(=O)[C@H](Cc1c[nH]c2ccccc12)NC(=O)[C@H](Cc1c[nH]cn1)NC(=O)[C@@H]1CCC(=O)N1)C(=O)N[C@@H](CCCNC(=N)N)C(=O)N1CCC[C@H]1C(=O)NCC(N)=O,CC(C)C[C@H](NC(=O)[C@@H](Cc1c[nH]c2ccccc12)NC(=O)[C@H](Cc1ccc(O)cc1)NC(=O)[C@H](CO)NC(=O)[C@H](Cc1c[nH]c2ccccc12)NC(=O)[C@H](Cc1c[nH]cn1)NC(=O)[C@@H]1CCC(=O)N1)C(=O)N[C@@H](CCCNC(=N)N)C(=O)N1CCC[C@H]1C(=O)NCC(N)=O.O=C(O)c1cc2ccccc2c(Cc2c(O)c(C(=O)O)cc3ccccc23)c1O,VXKHXGOKWPXYNA-PGBVPBMZSA-N,chembl;drugcentral,CHEMBL1200554;CHEMBL1201334;2968,1,vLess-DILI-Concern,0,,1
Triptorelin,CC(C)C[C@H](NC(=O)[C@@H](Cc1c[nH]c2ccccc12)NC(=O)[C@H](Cc1ccc(O)cc1)NC(=O)[C@H](CO)NC(=O)[C@H](Cc1c[nH]c2ccccc12)NC(=O)[C@H](Cc1cnc[nH]1)NC(=O)[C@@H]1CCC(=O)N1)C(=O)N[C@@H](CCCN=C(N)N)C(=O)N1CCC[C@H]1C(=O)NCC(N)=O,CC(C)C[C@@H](C(=O)N[C@@H](CCCN=C(N)N)C(=O)N1CCC[C@H]1C(=O)NCC(=O)N)NC(=O)[C@@H](CC2=CNC3=CC=CC=C32)NC(=O)[C@H](CC4=CC=C(C=C4)O)NC(=O)[C@H](CO)NC(=O)[C@H](CC5=CNC6=CC=CC=C65)NC(=O)[C@H](CC7=CN=CN7)NC(=O)[C@@H]8CCC(=O)N8,VXKHXGOKWPXYNA-PGBVPBMZSA-N,pubchem,25074470,1,vLess-DILI-Concern,0,,1
BROMOCRIPTINE,CC(C)C[C@H]1C(=O)N2CCC[C@H]2[C@]2(O)O[C@](NC(=O)[C@@H]3C=C4c5cccc6[nH]c(Br)c(c56)C[C@H]4N(C)C3)(C(C)C)C(=O)N12,CC(C)C[C@H]1C(=O)N2CCC[C@H]2[C@]2(O)O[C@](NC(=O)[C@@H]3C=C4c5cccc6[nH]c(Br)c(c56)C[C@H]4N(C)C3)(C(C)C)C(=O)N12,OZVBMTJYIDMWIL-AYFBDAFISA-N,chembl;drugcentral;pubchem,CHEMBL493;CHEMBL1200503;403;31101,1,vLess-DILI-Concern,0,,1
IBUPROFEN,CC(C)Cc1ccc(C(C)C(=O)O)cc1,CC(C)Cc1ccc(C(C)C(=O)O)cc1,HEFNNWSXXWATRW-UHFFFAOYSA-N,chembl;drugcentral;pubchem,CHEMBL521;CHEMBL1201141;CHEMBL3989408;1407;3672,1,vLess-DILI-Concern,0,,1
DISOPYRAMIDE,CC(C)N(CCC(C(N)=O)(c1ccccc1)c1ccccn1)C(C)C,CC(C)N(CCC(C(N)=O)(c1ccccc1)c1ccccn1)C(C)C,UVTNFZQICZKOEM-UHFFFAOYSA-N,chembl;drugcentral;pubchem,CHEMBL517;CHEMBL1201020;926;3114,1,vLess-DILI-Concern,0,,1
ATENOLOL,CC(C)NCC(O)COc1ccc(CC(N)=O)cc1,CC(C)NCC(O)COc1ccc(CC(N)=O)cc1,METKIMKYRPQLGS-UHFFFAOYSA-N,chembl;drugcentral;pubchem,CHEMBL24;255;2249,1,vLess-DILI-Concern,0,,1
FENOFIBRATE,CC(C)OC(=O)C(C)(C)Oc1ccc(C(=O)c2ccc(Cl)cc2)cc1,CC(C)OC(=O)C(C)(C)Oc1ccc(C(=O)c2ccc(Cl)cc2)cc1,YMTINGFKWWXKFG-UHFFFAOYSA-N,chembl;drugcentral;pubchem,CHEMBL672;1152;3339,1,vLess-DILI-Concern,1,,1
TENOFOVIR DISOPROXIL FUMARATE,CC(C)OC(=O)OCOP(=O)(CO[C@H](C)Cn1cnc2c(N)ncnc21)OCOC(=O)OC(C)C,CC(C)OC(=O)OCOP(=O)(CO[C@H](C)Cn1cnc2c(N)ncnc21)OCOC(=O)OC(C)C.O=C(O)/C=C/C(=O)O,JFVZFKDSXNQEJW-CQSZACIVSA-N,chembl;drugcentral;pubchem,CHEMBL1486;CHEMBL1538;CHEMBL6068332;CHEMBL6068341;2593;5481350,1,vLess-DILI-Concern,0,,1
valaciclovir,CC(C)[C@H](N)C(=O)OCCOCn1cnc2c(=O)[nH]c(N)nc21,CC(C)[C@H](N)C(=O)OCCOCN1C=NC2=C1N=C(N)NC2=O,HDOVUKNUBWVHOX-QMMMGPOBSA-N,drugcentral;pubchem,2798;135398742,1,vLess-DILI-Concern,0,,1
VALACYCLOVIR,CC(C)[C@H](N)C(=O)OCCOCn1cnc2c(=O)nc(N)[nH]c21,CC(C)[C@H](N)C(=O)OCCOCn1cnc2c(=O)nc(N)[nH]c21,HDOVUKNUBWVHOX-QMMMGPOBSA-N,chembl,CHEMBL1349;CHEMBL1201110,1,vLess-DILI-Concern,0,,1
PROPOFOL,CC(C)c1cccc(C(C)C)c1O,CC(C)c1cccc(C(C)C)c1O,OLBCVFGFOZPWHH-UHFFFAOYSA-N,chembl;drugcentral;pubchem,CHEMBL526;2302;4943,1,vLess-DILI-Concern,0,,1
ROSUVASTATIN,CC(C)c1nc(N(C)S(C)(=O)=O)nc(-c2ccc(F)cc2)c1/C=C/[C@@H](O)C[C@@H](O)CC(=O)O,CC(C)c1nc(N(C)S(C)(=O)=O)nc(-c2ccc(F)cc2)c1/C=C/[C@@H](O)C[C@@H](O)CC(=O)O,BPRHUIZQVSMCRT-VEUZHWNKSA-N,chembl;drugcentral;pubchem,CHEMBL1496;CHEMBL1744447;2406;446157,1,vLess-DILI-Concern,0,,1
FLUVASTATIN SODIUM,CC(C)n1c(/C=C/C(O)CC(O)CC(=O)O)c(-c2ccc(F)cc2)c2ccccc21,CC(C)n1c(/C=C/C(O)CC(O)CC(=O)[O-])c(-c2ccc(F)cc2)c2ccccc21.[Na+],FJLGEFLZQAZZCD-VAWYXSNFSA-N,chembl,CHEMBL2218894;CHEMBL2220442,1,vLess-DILI-Concern,0,,1
PROMETHAZINE,CC(CN1c2ccccc2Sc2ccccc21)N(C)C,CC(CN1c2ccccc2Sc2ccccc21)N(C)C,PWWVAXIEGOYWEE-UHFFFAOYSA-N,chembl;drugcentral;pubchem,CHEMBL643;CHEMBL1200750;2286;4927,1,vLess-DILI-Concern,0,,1
AMPHETAMINE,CC(N)Cc1ccccc1,CC(N)Cc1ccccc1,KWTSXDURSIMDCE-UHFFFAOYSA-N,chembl;drugcentral;pubchem,CHEMBL405;CHEMBL501;CHEMBL1200377;CHEMBL1200387;CHEMBL5095048;CHEMBL5095505;195;3007,1,vLess-DILI-Concern,0,,1
BUPROPION,CC(NC(C)(C)C)C(=O)c1cccc(Cl)c1,CC(NC(C)(C)C)C(=O)c1cccc(Cl)c1,SNPPWIUOZRMYNY-UHFFFAOYSA-N,chembl;drugcentral;pubchem,CHEMBL894;CHEMBL1698;CHEMBL1201735;435;444,1,vLess-DILI-Concern,0,,1
VENETOCLAX,CC1(C)CCC(CN2CCN(c3ccc(C(=O)NS(=O)(=O)c4ccc(NCC5CCOCC5)c([N+](=O)[O-])c4)c(Oc4cnc5[nH]ccc5c4)c3)CC2)=C(c2ccc(Cl)cc2)C1,CC1(C)CCC(CN2CCN(c3ccc(C(=O)NS(=O)(=O)c4ccc(NCC5CCOCC5)c([N+](=O)[O-])c4)c(Oc4cnc5[nH]ccc5c4)c3)CC2)=C(c2ccc(Cl)cc2)C1,LQBVNQSMGBZMKD-UHFFFAOYSA-N,chembl;drugcentral;pubchem,CHEMBL3137309;5133;49846579,1,vLess-DILI-Concern,0,,1
TOPIRAMATE,CC1(C)O[C@@H]2[C@@H](CO[C@@]3(COS(N)(=O)=O)OC(C)(C)O[C@@H]23)O1,CC1(C)O[C@@H]2[C@@H](CO[C@@]3(COS(N)(=O)=O)OC(C)(C)O[C@@H]23)O1,KJADKKWYZYXHBB-XBWDGYHZSA-N,chembl;drugcentral;pubchem,CHEMBL220492;2706;5284627,1,vLess-DILI-Concern,0,,1
AMOXICILLIN,CC1(C)S[C@@H]2[C@H](NC(=O)[C@H](N)c3ccc(O)cc3)C(=O)N2[C@H]1C(=O)O,CC1(C)S[C@@H]2[C@H](NC(=O)[C@H](N)c3ccc(O)cc3)C(=O)N2[C@H]1C(=O)O,LSQZJLSUYDQPKJ-NJBDSQKTSA-N,chembl;drugcentral;pubchem,CHEMBL1082;192;33613,1,vLess-DILI-Concern,0,,1
AMPICILLIN,CC1(C)S[C@@H]2[C@H](NC(=O)[C@H](N)c3ccccc3)C(=O)N2[C@H]1C(=O)O,CC1(C)S[C@@H]2[C@H](NC(=O)[C@H](N)c3ccccc3)C(=O)N2[C@H]1C(=O)O,AVKUERGKIZMTKX-NJBDSQKTSA-N,chembl;drugcentral;pubchem,CHEMBL174;CHEMBL1200758;198;6249,1,vLess-DILI-Concern,0,,1
MEMANTINE,CC12CC3CC(C)(C1)CC(N)(C3)C2,CC12CC3CC(C)(C1)CC(N)(C3)C2,BUGYDGFZZOZRHP-UHFFFAOYSA-N,chembl;drugcentral;pubchem,CHEMBL807;CHEMBL1699;1679;4054,1,vLess-DILI-Concern,0,,1
TRETINOIN,CC1=C(/C=C/C(C)=C/C=C/C(C)=C/C(=O)O)C(C)(C)CCC1,CC1=C(/C=C/C(C)=C/C=C/C(C)=C/C(=O)O)C(C)(C)CCC1,SHGAZHPCJJPHSC-YCNIQYBTSA-N,chembl;drugcentral;pubchem,CHEMBL38;2722;444795,1,vLess-DILI-Concern,0,,1
OFLOXACIN,CC1COc2c(N3CCN(C)CC3)c(F)cc3c(=O)c(C(=O)O)cn1c23,CC1COc2c(N3CCN(C)CC3)c(F)cc3c(=O)c(C(=O)O)cn1c23,GSDSWSVVBLHKDQ-UHFFFAOYSA-N,chembl;drugcentral;pubchem,CHEMBL4;1981;4583,1,vLess-DILI-Concern,1,,1
REMIFENTANIL,CCC(=O)N(c1ccccc1)C1(C(=O)OC)CCN(CCC(=O)OC)CC1,CCC(=O)N(c1ccccc1)C1(C(=O)OC)CCN(CCC(=O)OC)CC1,ZTVQQQVZCWLTDF-UHFFFAOYSA-N,chembl;drugcentral;pubchem,CHEMBL1005;CHEMBL1201120;2363;60815,1,vLess-DILI-Concern,0,,1
FOSINOPRIL SODIUM,CCC(=O)O[C@@H](O[P@](=O)(CCCCc1ccccc1)CC(=O)N1C[C@H](C2CCCCC2)C[C@H]1C(=O)O)C(C)C,CCC(=O)O[C@@H](O[P@](=O)(CCCCc1ccccc1)CC(=O)N1C[C@H](C2CCCCC2)C[C@H]1C(=O)[O-])C(C)C.[Na+],BIDNLKIUORFRQP-XYGFDPSESA-N,chembl;drugcentral;pubchem,CHEMBL3039596;CHEMBL3039598;1245;9601226,1,vLess-DILI-Concern,0,,1
SIMVASTATIN,CCC(C)(C)C(=O)O[C@H]1C[C@@H](C)C=C2C=C[C@H](C)[C@H](CC[C@@H]3C[C@@H](O)CC(=O)O3)[C@H]21,CCC(C)(C)C(=O)O[C@H]1C[C@@H](C)C=C2C=C[C@H](C)[C@H](CC[C@@H]3C[C@@H](O)CC(=O)O3)[C@H]21,RYMZZMVNJRMUDD-HGQWONQESA-N,chembl;drugcentral;pubchem,CHEMBL1064;2445;54454,1,vLess-DILI-Concern,0,,1
REMDESIVIR,CCC(CC)COC(=O)[C@H](C)N[P@](=O)(OC[C@H]1O[C@@](C#N)(c2ccc3c(N)ncnn23)[C@H](O)[C@@H]1O)Oc1ccccc1,CCC(CC)COC(=O)[C@H](C)N[P@](=O)(OC[C@H]1O[C@@](C#N)(c2ccc3c(N)ncnn23)[C@H](O)[C@@H]1O)Oc1ccccc1,RWWYLEGWBNMMLJ-YSOARWBDSA-N,chembl;drugcentral;pubchem,CHEMBL4065616;5376;121304016,1,vLess-DILI-Concern,0,,1
GLIMEPIRIDE,CCC1=C(C)CN(C(=O)NCCc2ccc(S(=O)(=O)NC(=O)N[C@H]3CC[C@H](C)CC3)cc2)C1=O,CCC1=C(C)CN(C(=O)NCCc2ccc(S(=O)(=O)NC(=O)N[C@H]3CC[C@H](C)CC3)cc2)C1=O,WIGIZIANZCJQQY-RUCARUNLSA-N,chembl;drugcentral,CHEMBL1481;1300,1,vLess-DILI-Concern,0,,1
ACEBUTOLOL,CCCC(=O)Nc1ccc(OCC(O)CNC(C)C)c(C(C)=O)c1,CCCC(=O)Nc1ccc(OCC(O)CNC(C)C)c(C(C)=O)c1,GOEMGAFJFRBGGG-UHFFFAOYSA-N,chembl;drugcentral;pubchem,CHEMBL642;CHEMBL1200813;40;1978,1,vLess-DILI-Concern,0,,1
Valsartan,CCCCC(=O)N(Cc1ccc(-c2ccccc2-c2nn[nH]n2)cc1)[C@H](C(=O)O)C(C)C,CCCCC(=O)N(CC1=CC=C(C=C1)C2=CC=CC=C2C3=NNN=N3)[C@@H](C(C)C)C(=O)O,ACWBQPMHZXGDFX-QFIPXVFZSA-N,pubchem,60846,1,vLess-DILI-Concern,0,,1
VALSARTAN,CCCCC(=O)N(Cc1ccc(-c2ccccc2-c2nnn[nH]2)cc1)[C@H](C(=O)O)C(C)C,CCCCC(=O)N(Cc1ccc(-c2ccccc2-c2nnn[nH]2)cc1)[C@H](C(=O)O)C(C)C,ACWBQPMHZXGDFX-QFIPXVFZSA-N,chembl;drugcentral,CHEMBL1069;2806,1,vLess-DILI-Concern,0,,1
ESTRADIOL VALERATE,CCCCC(=O)O[C@H]1CC[C@H]2[C@@H]3CCc4cc(O)ccc4[C@H]3CC[C@]12C,CCCCC(=O)O[C@H]1CC[C@H]2[C@@H]3CCc4cc(O)ccc4[C@H]3CC[C@]12C,RSEPBGGWRJCQGY-RBRWEJTLSA-N,chembl;drugcentral;pubchem,CHEMBL1511;1064;13791,1,vLess-DILI-Concern,0,,1
Irbesartan,CCCCC1=NC2(CCCC2)C(=O)N1Cc1ccc(-c2ccccc2-c2nn[nH]n2)cc1,CCCCC1=NC2(CCCC2)C(=O)N1CC3=CC=C(C=C3)C4=CC=CC=C4C5=NNN=N5,YOSHYTLCDANDAN-UHFFFAOYSA-N,pubchem,3749,1,vLess-DILI-Concern,0,,1
IRBESARTAN,CCCCC1=NC2(CCCC2)C(=O)N1Cc1ccc(-c2ccccc2-c2nnn[nH]2)cc1,CCCCC1=NC2(CCCC2)C(=O)N1Cc1ccc(-c2ccccc2-c2nnn[nH]2)cc1,YOSHYTLCDANDAN-UHFFFAOYSA-N,chembl;drugcentral,CHEMBL1513;CHEMBL6068339;1481,1,vLess-DILI-Concern,0,,1
DAPTOMYCIN,CCCCCCCCCC(=O)N[C@@H](Cc1c[nH]c2ccccc12)C(=O)N[C@@H](CC(N)=O)C(=O)N[C@@H](CC(=O)O)C(=O)N[C@@H]1C(=O)NCC(=O)N[C@@H](CCCN)C(=O)N[C@@H](CC(=O)O)C(=O)N[C@H](C)C(=O)N[C@@H](CC(=O)O)C(=O)NCC(=O)N[C@H](CO)C(=O)N[C@@H]([C@H](C)CC(=O)O)C(=O)N[C@@H](CC(=O)c2ccccc2N)C(=O)O[C@@H]1C,CCCCCCCCCC(=O)N[C@@H](Cc1c[nH]c2ccccc12)C(=O)N[C@@H](CC(N)=O)C(=O)N[C@@H](CC(=O)O)C(=O)N[C@@H]1C(=O)NCC(=O)N[C@@H](CCCN)C(=O)N[C@@H](CC(=O)O)C(=O)N[C@H](C)C(=O)N[C@@H](CC(=O)O)C(=O)NCC(=O)N[C@H](CO)C(=O)N[C@@H]([C@H](C)CC(=O)O)C(=O)N[C@@H](CC(=O)c2ccccc2N)C(=O)O[C@@H]1C,DOAKLVKFURWEDJ-RWDRXURGSA-N,chembl,CHEMBL387675,1,vLess-DILI-Concern,0,,1
HALOPERIDOL DECANOATE,CCCCCCCCCC(=O)OC1(c2ccc(Cl)cc2)CCN(CCCC(=O)c2ccc(F)cc2)CC1,CCCCCCCCCC(=O)OC1(c2ccc(Cl)cc2)CCN(CCCC(=O)c2ccc(F)cc2)CC1,GUTXTARXLVFHDK-UHFFFAOYSA-N,chembl;drugcentral,CHEMBL1200986;4496,1,vLess-DILI-Concern,0,,1
ARIPIPRAZOLE LAUROXIL,CCCCCCCCCCCC(=O)OCN1C(=O)CCc2ccc(OCCCCN3CCN(c4cccc(Cl)c4Cl)CC3)cc21,CCCCCCCCCCCC(=O)OCN1C(=O)CCc2ccc(OCCCCN3CCN(c4cccc(Cl)c4Cl)CC3)cc21,DDINXHAORAAYAD-UHFFFAOYSA-N,chembl;drugcentral;pubchem,CHEMBL2219425;5052;49831411,1,vLess-DILI-Concern,0,,1
liraglutide,CCCCCCCCCCCCCCCC(=O)N[C@@H](CCC(=O)NCCCC[C@H](NC(=O)[C@H](C)NC(=O)[C@H](C)NC(=O)[C@H](CCC(N)=O)NC(=O)CNC(=O)[C@H](CCC(=O)O)NC(=O)[C@H](CC(C)C)NC(=O)[C@H](Cc1ccc(O)cc1)NC(=O)[C@H](CO)NC(=O)[C@H](CO)NC(=O)[C@@H](NC(=O)[C@H](CC(=O)O)NC(=O)[C@H](CO)NC(=O)[C@@H](NC(=O)[C@H](Cc1ccccc1)NC(=O)[C@@H](NC(=O)CNC(=O)[C@H](CCC(=O)O)NC(=O)[C@H](C)NC(=O)[C@@H](N)Cc1c[nH]cn1)[C@@H](C)O)[C@@H](C)O)C(C)C)C(=O)N[C@@H](CCC(=O)O)C(=O)N[C@@H](Cc1ccccc1)C(=O)N[C@H](C(=O)N[C@@H](C)C(=O)N[C@@H](Cc1c[nH]c2ccccc12)C(=O)N[C@@H](CC(C)C)C(=O)N[C@H](C(=O)N[C@@H](CCCNC(=N)N)C(=O)NCC(=O)N[C@@H](CCCNC(=N)N)C(=O)NCC(=O)O)C(C)C)[C@@H](C)CC)C(=O)O,CCCCCCCCCCCCCCCC(=O)N[C@@H](CCC(=O)NCCCC[C@H](NC(=O)[C@H](C)NC(=O)[C@H](C)NC(=O)[C@H](CCC(N)=O)NC(=O)CNC(=O)[C@H](CCC(O)=O)NC(=O)[C@H](CC(C)C)NC(=O)[C@H](CC1=CC=C(O)C=C1)NC(=O)[C@H](CO)NC(=O)[C@H](CO)NC(=O)[C@@H](NC(=O)[C@H](CC(O)=O)NC(=O)[C@H](CO)NC(=O)[C@@H](NC(=O)[C@H](CC1=CC=CC=C1)NC(=O)[C@@H](NC(=O)CNC(=O)[C@H](CCC(O)=O)NC(=O)[C@H](C)NC(=O)[C@@H](N)CC1=CNC=N1)[C@@H](C)O)[C@@H](C)O)C(C)C)C(=O)N[C@@H](CCC(O)=O)C(=O)N[C@@H](CC1=CC=CC=C1)C(=O)N[C@@H]([C@@H](C)CC)C(=O)N[C@@H](C)C(=O)N[C@@H](CC1=CNC2=C1C=CC=C2)C(=O)N[C@@H](CC(C)C)C(=O)N[C@@H](C(C)C)C(=O)N[C@@H](CCCNC(N)=N)C(=O)NCC(=O)N[C@@H](CCCNC(N)=N)C(=O)NCC(O)=O)C(O)=O,YSDQQAXHVYUZIW-QCIJIYAXSA-N,drugcentral,4164,1,vLess-DILI-Concern,0,,1
LIRAGLUTIDE,CCCCCCCCCCCCCCCC(=O)N[C@@H](CCC(=O)NCCCC[C@H](NC(=O)[C@H](C)NC(=O)[C@H](C)NC(=O)[C@H](CCC(N)=O)NC(=O)CNC(=O)[C@H](CCC(=O)O)NC(=O)[C@H](CC(C)C)NC(=O)[C@H](Cc1ccc(O)cc1)NC(=O)[C@H](CO)NC(=O)[C@H](CO)NC(=O)[C@@H](NC(=O)[C@H](CC(=O)O)NC(=O)[C@H](CO)NC(=O)[C@@H](NC(=O)[C@H](Cc1ccccc1)NC(=O)[C@@H](NC(=O)CNC(=O)[C@H](CCC(=O)O)NC(=O)[C@H](C)NC(=O)[C@@H](N)Cc1cnc[nH]1)[C@@H](C)O)[C@@H](C)O)C(C)C)C(=O)N[C@@H](CCC(=O)O)C(=O)N[C@@H](Cc1ccccc1)C(=O)N[C@H](C(=O)N[C@@H](C)C(=O)N[C@@H](Cc1c[nH]c2ccccc12)C(=O)N[C@@H](CC(C)C)C(=O)N[C@H](C(=O)N[C@@H](CCCNC(=N)N)C(=O)NCC(=O)N[C@@H](CCCNC(=N)N)C(=O)NCC(=O)O)C(C)C)[C@@H](C)CC)C(=O)O,CCCCCCCCCCCCCCCC(=O)N[C@@H](CCC(=O)NCCCC[C@H](NC(=O)[C@H](C)NC(=O)[C@H](C)NC(=O)[C@H](CCC(N)=O)NC(=O)CNC(=O)[C@H](CCC(=O)O)NC(=O)[C@H](CC(C)C)NC(=O)[C@H](Cc1ccc(O)cc1)NC(=O)[C@H](CO)NC(=O)[C@H](CO)NC(=O)[C@@H](NC(=O)[C@H](CC(=O)O)NC(=O)[C@H](CO)NC(=O)[C@@H](NC(=O)[C@H](Cc1ccccc1)NC(=O)[C@@H](NC(=O)CNC(=O)[C@H](CCC(=O)O)NC(=O)[C@H](C)NC(=O)[C@@H](N)Cc1cnc[nH]1)[C@@H](C)O)[C@@H](C)O)C(C)C)C(=O)N[C@@H](CCC(=O)O)C(=O)N[C@@H](Cc1ccccc1)C(=O)N[C@H](C(=O)N[C@@H](C)C(=O)N[C@@H](Cc1c[nH]c2ccccc12)C(=O)N[C@@H](CC(C)C)C(=O)N[C@H](C(=O)N[C@@H](CCCNC(=N)N)C(=O)NCC(=O)N[C@@H](CCCNC(=N)N)C(=O)NCC(=O)O)C(C)C)[C@@H](C)CC)C(=O)O,YSDQQAXHVYUZIW-QCIJIYAXSA-N,chembl,CHEMBL4084119,1,vLess-DILI-Concern,0,,1
VITAMIN A PALMITATE,CCCCCCCCCCCCCCCC(=O)OC/C=C(C)/C=C/C=C(C)/C=C/C1=C(C)CCCC1(C)C,CCCCCCCCCCCCCCCC(=O)OC/C=C(C)/C=C/C=C(C)/C=C/C1=C(C)CCCC1(C)C,VYGQUTWHTHXGQB-FFHKNEKCSA-N,chembl;drugcentral,CHEMBL1675;4197,1,vLess-DILI-Concern,0,,1
DABIGATRAN ETEXILATE,CCCCCCOC(=O)NC(=N)c1ccc(NCc2nc3cc(C(=O)N(CCC(=O)OCC)c4ccccn4)ccc3n2C)cc1,CCCCCCOC(=O)NC(=N)c1ccc(NCc2nc3cc(C(=O)N(CCC(=O)OCC)c4ccccn4)ccc3n2C)cc1,KSGXQBZTULBEEQ-UHFFFAOYSA-N,chembl;drugcentral;pubchem,CHEMBL539697;CHEMBL1615369;776;135565674,1,vLess-DILI-Concern,0,,1
CAPECITABINE,CCCCCOC(=O)Nc1nc(=O)n([C@@H]2O[C@H](C)[C@@H](O)[C@H]2O)cc1F,CCCCCOC(=O)Nc1nc(=O)n([C@@H]2O[C@H](C)[C@@H](O)[C@H]2O)cc1F,GAGWJHPBXLXJQN-UORFTKCHSA-N,chembl;drugcentral;pubchem,CHEMBL1773;480;60953,1,vLess-DILI-Concern,0,,1
BENZONATATE,CCCCNc1ccc(C(=O)OCCOCCOCCOCCOCCOCCOCCOCCOCCOC)cc1,CCCCNc1ccc(C(=O)OCCOCCOCCOCCOCCOCCOCCOCCOCCOC)cc1,MAFMQEKGGFWBAB-UHFFFAOYSA-N,chembl;pubchem,CHEMBL1374379;7699,1,vLess-DILI-Concern,0,,1
Losartan,CCCCc1nc(Cl)c(CO)n1Cc1ccc(-c2ccccc2-c2nn[nH]n2)cc1,CCCCC1=NC(=C(N1CC2=CC=C(C=C2)C3=CC=CC=C3C4=NNN=N4)CO)Cl,PSIFNNKUMBGKDQ-UHFFFAOYSA-N,pubchem,3961,1,vLess-DILI-Concern,1,,1
LOSARTAN POTASSIUM,CCCCc1nc(Cl)c(CO)n1Cc1ccc(-c2ccccc2-c2nnn[nH]2)cc1,CCCCc1nc(Cl)c(CO)n1Cc1ccc(-c2ccccc2-c2nnn[n-]2)cc1.[K+],PSIFNNKUMBGKDQ-UHFFFAOYSA-N,chembl;drugcentral,CHEMBL995;CHEMBL191;1610,1,vLess-DILI-Concern,1,,1
ROPINIROLE,CCCN(CCC)CCc1cccc2c1CC(=O)N2,CCCN(CCC)CCc1cccc2c1CC(=O)N2,UHSKFQJFRQCDBE-UHFFFAOYSA-N,chembl;drugcentral;pubchem,CHEMBL589;CHEMBL1200411;2402;5095,1,vLess-DILI-Concern,0,,1
CHLORPROPAMIDE,CCCNC(=O)NS(=O)(=O)c1ccc(Cl)cc1,CCCNC(=O)NS(=O)(=O)c1ccc(Cl)cc1,RKWGIWYCVPQPMF-UHFFFAOYSA-N,chembl;drugcentral;pubchem,CHEMBL498;622;2727,1,vLess-DILI-Concern,1,,1
PROPAFENONE,CCCNCC(O)COc1ccccc1C(=O)CCc1ccccc1,CCCNCC(O)COc1ccccc1C(=O)CCc1ccccc1,JWHAUXFOSRPERK-UHFFFAOYSA-N,chembl;drugcentral;pubchem,CHEMBL631;CHEMBL1201063;2291;4932,1,vLess-DILI-Concern,0,,1
VEMURAFENIB,CCCS(=O)(=O)Nc1ccc(F)c(C(=O)c2c[nH]c3ncc(-c4ccc(Cl)cc4)cc23)c1F,CCCS(=O)(=O)Nc1ccc(F)c(C(=O)c2c[nH]c3ncc(-c4ccc(Cl)cc4)cc23)c1F,GPXBXXGIAQBQNI-UHFFFAOYSA-N,chembl;drugcentral;pubchem,CHEMBL1229517;4185;42611257,1,vLess-DILI-Concern,0,,1
CLINDAMYCIN,CCC[C@@H]1C[C@@H](C(=O)N[C@@H]([C@H]2O[C@H](SC)[C@H](O)[C@@H](O)[C@H]2O)[C@H](C)Cl)N(C)C1,CCC[C@@H]1C[C@@H](C(=O)N[C@@H]([C@H]2O[C@H](SC)[C@H](O)[C@@H](O)[C@H]2O)[C@H](C)Cl)N(C)C1,KDLRVYVGXIQJDK-AWPVFWJPSA-N,chembl;drugcentral,CHEMBL1753;CHEMBL1200588;678,1,vLess-DILI-Concern,0,,1
OLMESARTAN MEDOXOMIL,CCCc1nc(C(C)(C)O)c(C(=O)OCc2oc(=O)oc2C)n1Cc1ccc(-c2ccccc2-c2nnn[nH]2)cc1,CCCc1nc(C(C)(C)O)c(C(=O)OCc2oc(=O)oc2C)n1Cc1ccc(-c2ccccc2-c2nnn[nH]2)cc1,UQGKUQLKSCSZGY-UHFFFAOYSA-N,chembl;drugcentral,CHEMBL1200692;1985,1,vLess-DILI-Concern,0,,1
TELMISARTAN,CCCc1nc2c(C)cc(-c3nc4ccccc4n3C)cc2n1Cc1ccc(-c2ccccc2C(=O)O)cc1,CCCc1nc2c(C)cc(-c3nc4ccccc4n3C)cc2n1Cc1ccc(-c2ccccc2C(=O)O)cc1,RMMXLENWKUUMAY-UHFFFAOYSA-N,chembl;drugcentral;pubchem,CHEMBL1017;2583;65999,1,vLess-DILI-Concern,0,,1
SILDENAFIL,CCCc1nn(C)c2c(=O)[nH]c(-c3cc(S(=O)(=O)N4CCN(C)CC4)ccc3OCC)nc12,CCCc1nn(C)c2c(=O)[nH]c(-c3cc(S(=O)(=O)N4CCN(C)CC4)ccc3OCC)nc12,BNRNXUUZRGQAQC-UHFFFAOYSA-N,chembl;drugcentral;pubchem,CHEMBL192;CHEMBL1737;2441;135398744,1,vLess-DILI-Concern,0,,1
RIVASTIGMINE,CCN(C)C(=O)Oc1cccc([C@H](C)N(C)C)c1,CCN(C)C(=O)Oc1cccc([C@H](C)N(C)C)c1,XSVMFMHYUFZWBK-NSHDSACASA-N,chembl;drugcentral;pubchem,CHEMBL636;CHEMBL1201092;2392;77991,1,vLess-DILI-Concern,0,,1
ENTACAPONE,CCN(CC)C(=O)/C(C#N)=C/c1cc(O)c(O)c([N+](=O)[O-])c1,CCN(CC)C(=O)/C(C#N)=C/c1cc(O)c(O)c([N+](=O)[O-])c1,JRURYQJSLYLRLN-BJMVGYQFSA-N,chembl;drugcentral;pubchem,CHEMBL953;1018;5281081,1,vLess-DILI-Concern,0,,1
OXYBUTYNIN CHLORIDE,CCN(CC)CC#CCOC(=O)C(O)(c1ccccc1)C1CCCCC1,CCN(CC)CC#CCOC(=O)C(O)(c1ccccc1)C1CCCCC1.Cl,XIQVNETUBQGFHX-UHFFFAOYSA-N,chembl;drugcentral;pubchem,CHEMBL1133;CHEMBL1231;2028;4634,1,vLess-DILI-Concern,0,,1
CHLOROQUINE,CCN(CC)CCCC(C)Nc1ccnc2cc(Cl)ccc12,CCN(CC)CCCC(C)Nc1ccnc2cc(Cl)ccc12,WHTVZRBIWZFKQO-UHFFFAOYSA-N,chembl;drugcentral;pubchem,CHEMBL76;CHEMBL58510;CHEMBL4297165;607;2719,1,vLess-DILI-Concern,0,,1
FLURAZEPAM,CCN(CC)CCN1C(=O)CN=C(c2ccccc2F)c2cc(Cl)ccc21,CCN(CC)CCN1C(=O)CN=C(c2ccccc2F)c2cc(Cl)ccc21,SAADBVWGJQAEFS-UHFFFAOYSA-N,chembl;drugcentral;pubchem,CHEMBL968;CHEMBL3989724;1218;3393,1,vLess-DILI-Concern,0,,1
METOCLOPRAMIDE,CCN(CC)CCNC(=O)c1cc(Cl)c(N)cc1OC,CCN(CC)CCNC(=O)c1cc(Cl)c(N)cc1OC,TTWJBBZEZQICBI-UHFFFAOYSA-N,chembl;drugcentral;pubchem,CHEMBL86;CHEMBL1200940;1782;4168,1,vLess-DILI-Concern,0,,1
PROCAINAMIDE HYDROCHLORIDE,CCN(CC)CCNC(=O)c1ccc(N)cc1,CCN(CC)CCNC(=O)c1ccc(N)cc1.Cl,REQCZEXYDRLIBE-UHFFFAOYSA-N,chembl;drugcentral;pubchem,CHEMBL605;CHEMBL640;2270;4913,1,vLess-DILI-Concern,0,,1
CLOMIPHENE,CCN(CC)CCOc1ccc(C(=C(Cl)c2ccccc2)c2ccccc2)cc1,CCN(CC)CCOc1ccc(C(=C(Cl)c2ccccc2)c2ccccc2)cc1,GKIRPKYJQBWNGO-UHFFFAOYSA-N,chembl;drugcentral;pubchem,CHEMBL2355051;CHEMBL3185958;700;2800,1,vLess-DILI-Concern,0,,1
HYDROXYCHLOROQUINE,CCN(CCO)CCCC(C)Nc1ccnc2cc(Cl)ccc12,CCN(CCO)CCCC(C)Nc1ccnc2cc(Cl)ccc12,XXSMGPRMXLTPCZ-UHFFFAOYSA-N,chembl;drugcentral;pubchem,CHEMBL1535;CHEMBL1690;1395;3652,1,vLess-DILI-Concern,0,,1
AMISULPRIDE,CCN1CCCC1CNC(=O)c1cc(S(=O)(=O)CC)c(N)cc1OC,CCN1CCCC1CNC(=O)c1cc(S(=O)(=O)CC)c(N)cc1OC,NTJOBXMMWNYJFB-UHFFFAOYSA-N,chembl;drugcentral;pubchem,CHEMBL243712;179;2159,1,vLess-DILI-Concern,0,,1
CEFOPERAZONE,CCN1CCN(C(=O)N[C@@H](C(=O)N[C@@H]2C(=O)N3C(C(=O)O)=C(CSc4nnnn4C)CS[C@H]23)c2ccc(O)cc2)C(=O)C1=O,CCN1CCN(C(=O)N[C@@H](C(=O)N[C@@H]2C(=O)N3C(C(=O)O)=C(CSc4nnnn4C)CS[C@H]23)c2ccc(O)cc2)C(=O)C1=O,GCFBRXLSHGKWDP-XCGNWRKASA-N,chembl;drugcentral;pubchem,CHEMBL507674;CHEMBL1200482;543;44187,1,vLess-DILI-Concern,0,,1
ABEMACICLIB,CCN1CCN(Cc2ccc(Nc3ncc(F)c(-c4cc(F)c5nc(C)n(C(C)C)c5c4)n3)nc2)CC1,CCN1CCN(Cc2ccc(Nc3ncc(F)c(-c4cc(F)c5nc(C)n(C(C)C)c5c4)n3)nc2)CC1,UZWDCWONPYILKI-UHFFFAOYSA-N,chembl;drugcentral;pubchem,CHEMBL3301610;5259;46220502,1,vLess-DILI-Concern,0,,1
Leuprolide,CCNC(=O)[C@@H]1CCCN1C(=O)[C@H](CCCN=C(N)N)NC(=O)[C@H](CC(C)C)NC(=O)[C@@H](CC(C)C)NC(=O)[C@H](Cc1ccc(O)cc1)NC(=O)[C@H](CO)NC(=O)[C@H](Cc1c[nH]c2ccccc12)NC(=O)[C@H](Cc1cnc[nH]1)NC(=O)[C@@H]1CCC(=O)N1,CCNC(=O)[C@@H]1CCCN1C(=O)[C@H](CCCN=C(N)N)NC(=O)[C@H](CC(C)C)NC(=O)[C@@H](CC(C)C)NC(=O)[C@H](CC2=CC=C(C=C2)O)NC(=O)[C@H](CO)NC(=O)[C@H](CC3=CNC4=CC=CC=C43)NC(=O)[C@H](CC5=CN=CN5)NC(=O)[C@@H]6CCC(=O)N6,GFIJNRVAKGFPGQ-LIJARHBVSA-N,pubchem,657181,1,vLess-DILI-Concern,0,,1
LEUPROLIDE ACETATE,CCNC(=O)[C@@H]1CCCN1C(=O)[C@H](CCCNC(=N)N)NC(=O)[C@H](CC(C)C)NC(=O)[C@@H](CC(C)C)NC(=O)[C@H](Cc1ccc(O)cc1)NC(=O)[C@H](CO)NC(=O)[C@H](Cc1c[nH]c2ccccc12)NC(=O)[C@H](Cc1c[nH]cn1)NC(=O)[C@@H]1CCC(=O)N1,CC(=O)O.CCNC(=O)[C@@H]1CCCN1C(=O)[C@H](CCCNC(=N)N)NC(=O)[C@H](CC(C)C)NC(=O)[C@@H](CC(C)C)NC(=O)[C@H](Cc1ccc(O)cc1)NC(=O)[C@H](CO)NC(=O)[C@H](Cc1c[nH]c2ccccc12)NC(=O)[C@H](Cc1c[nH]cn1)NC(=O)[C@@H]1CCC(=O)N1,GFIJNRVAKGFPGQ-LIJARHBVSA-N,chembl;drugcentral,CHEMBL1200775;CHEMBL1201199;1559,1,vLess-DILI-Concern,0,,1
LEUPROLIDE MESYLATE,CCNC(=O)[C@@H]1CCCN1C(=O)[C@H](CCCNC(=N)N)NC(=O)[C@H](CC(C)C)NC(=O)[C@@H](CC(C)C)NC(=O)[C@H](Cc1ccc(O)cc1)NC(=O)[C@H](CO)NC(=O)[C@H](Cc1c[nH]c2ccccc12)NC(=O)[C@H](Cc1cnc[nH]1)NC(=O)[C@@H]1CCC(=O)N1,CCNC(=O)[C@@H]1CCCN1C(=O)[C@H](CCCNC(=N)N)NC(=O)[C@H](CC(C)C)NC(=O)[C@@H](CC(C)C)NC(=O)[C@H](Cc1ccc(O)cc1)NC(=O)[C@H](CO)NC(=O)[C@H](Cc1c[nH]c2ccccc12)NC(=O)[C@H](Cc1cnc[nH]1)NC(=O)[C@@H]1CCC(=O)N1.CS(=O)(=O)O,GFIJNRVAKGFPGQ-LIJARHBVSA-N,chembl,CHEMBL4802223,1,vLess-DILI-Concern,0,,1
CEFTAROLINE FOSAMIL,CCO/N=C(\C(=O)N[C@@H]1C(=O)N2C(C(=O)[O-])=C(Sc3nc(-c4cc[n+](C)cc4)cs3)CS[C@H]12)c1nsc(NP(=O)(O)O)n1,CCO/N=C(\C(=O)N[C@@H]1C(=O)N2C(C(=O)[O-])=C(Sc3nc(-c4cc[n+](C)cc4)cs3)CS[C@H]12)c1nsc(NP(=O)(O)O)n1,ZCCUWMICIWSJIX-NQJJCJBVSA-N,chembl;drugcentral;pubchem,CHEMBL501122;CHEMBL3544973;4169;9852981,1,vLess-DILI-Concern,0,,1
FELODIPINE,CCOC(=O)C1=C(C)NC(C)=C(C(=O)OC)C1c1cccc(Cl)c1Cl,CCOC(=O)C1=C(C)NC(C)=C(C(=O)OC)C1c1cccc(Cl)c1Cl,RZTAMFZIAATZDJ-UHFFFAOYSA-N,chembl;drugcentral;pubchem,CHEMBL1480;1142;3333,1,vLess-DILI-Concern,0,,1
OSELTAMIVIR,CCOC(=O)C1=C[C@@H](OC(CC)CC)[C@H](NC(C)=O)[C@@H](N)C1,CCOC(=O)C1=C[C@@H](OC(CC)CC)[C@H](NC(C)=O)[C@@H](N)C1,VSZGPKBBMSAYNT-RRFJBIMHSA-N,chembl;drugcentral;pubchem,CHEMBL1229;CHEMBL1200340;2001;65028,1,vLess-DILI-Concern,0,,1
ENALAPRIL,CCOC(=O)[C@H](CCc1ccccc1)N[C@@H](C)C(=O)N1CCC[C@H]1C(=O)O,CCOC(=O)[C@H](CCc1ccccc1)N[C@@H](C)C(=O)N1CCC[C@H]1C(=O)O,GBXSMTUPTTWBMN-XIRDDKMYSA-N,chembl;drugcentral;pubchem,CHEMBL578;CHEMBL1200659;1005;5388962,1,vLess-DILI-Concern,0,,1
QUINAPRIL,CCOC(=O)[C@H](CCc1ccccc1)N[C@@H](C)C(=O)N1Cc2ccccc2C[C@H]1C(=O)O,CCOC(=O)[C@H](CCc1ccccc1)N[C@@H](C)C(=O)N1Cc2ccccc2C[C@H]1C(=O)O,JSDRRTOADPPCHY-HSQYWUDLSA-N,chembl;drugcentral;pubchem,CHEMBL1592;CHEMBL1201011;2340;54892,1,vLess-DILI-Concern,0,,1
RAMIPRIL,CCOC(=O)[C@H](CCc1ccccc1)N[C@@H](C)C(=O)N1[C@H](C(=O)O)C[C@@H]2CCC[C@@H]21,CCOC(=O)[C@H](CCc1ccccc1)N[C@@H](C)C(=O)N1[C@H](C(=O)O)C[C@@H]2CCC[C@@H]21,HDACQVRGBOVJII-JBDAPHQKSA-N,chembl;drugcentral;pubchem,CHEMBL1168;2356;5362129,1,vLess-DILI-Concern,0,,1
TRANDOLAPRIL,CCOC(=O)[C@H](CCc1ccccc1)N[C@@H](C)C(=O)N1[C@H](C(=O)O)C[C@H]2CCCC[C@@H]21,CCOC(=O)[C@H](CCc1ccccc1)N[C@@H](C)C(=O)N1[C@H](C(=O)O)C[C@H]2CCCC[C@@H]21,VXFJYXUZANRPDJ-WTNASJBWSA-N,chembl;drugcentral;pubchem,CHEMBL1519;2712;5484727,1,vLess-DILI-Concern,0,,1
BENAZEPRIL,CCOC(=O)[C@H](CCc1ccccc1)N[C@H]1CCc2ccccc2N(CC(=O)O)C1=O,CCOC(=O)[C@H](CCc1ccccc1)N[C@H]1CCc2ccccc2N(CC(=O)O)C1=O,XPCFTKFZXHTYIP-PMACEKPBSA-N,chembl;drugcentral;pubchem,CHEMBL838;CHEMBL1694;299;5362124,1,vLess-DILI-Concern,0,,1
REPAGLINIDE,CCOc1cc(CC(=O)N[C@@H](CC(C)C)c2ccccc2N2CCCCC2)ccc1C(=O)O,CCOc1cc(CC(=O)N[C@@H](CC(C)C)c2ccccc2N2CCCCC2)ccc1C(=O)O,FAEKWTJYAYMJKF-QHCPKHFHSA-N,chembl;drugcentral;pubchem,CHEMBL1272;2366;65981,1,vLess-DILI-Concern,0,,1
NAFCILLIN,CCOc1ccc2ccccc2c1C(=O)N[C@@H]1C(=O)N2[C@@H]1SC(C)(C)[C@@H]2C(=O)O,CCOc1ccc2ccccc2c1C(=O)N[C@@H]1C(=O)N2[C@@H]1SC(C)(C)[C@@H]2C(=O)O,GPXLMGHLHQJAGZ-JTDSTZFVSA-N,chembl;drugcentral;pubchem,CHEMBL1443;CHEMBL1568276;1869;8982,1,vLess-DILI-Concern,0,,1
TAMSULOSIN,CCOc1ccccc1OCCN[C@H](C)Cc1ccc(OC)c(S(N)(=O)=O)c1,CCOc1ccccc1OCCN[C@H](C)Cc1ccc(OC)c(S(N)(=O)=O)c1,DRHKJLXJIQTDTD-OAHLLOKOSA-N,chembl;drugcentral;pubchem,CHEMBL836;CHEMBL1200914;2562;129211,1,vLess-DILI-Concern,0,,1
CANDESARTAN CILEXETIL,CCOc1nc2cccc(C(=O)OC(C)OC(=O)OC3CCCCC3)c2n1Cc1ccc(-c2ccccc2-c2nn[nH]n2)cc1,CCOc1nc2cccc(C(=O)OC(C)OC(=O)OC3CCCCC3)c2n1Cc1ccc(-c2ccccc2-c2nn[nH]n2)cc1,GHOSNRCGJFBJIB-UHFFFAOYSA-N,chembl;pubchem,CHEMBL1014;2540,1,vLess-DILI-Concern,0,,1
candesartan cilexetil,CCOc1nc2cccc(C(=O)OC(C)OC(=O)OC3CCCCC3)c2n1Cc1ccc(-c2ccccc2-c2nnn[nH]2)cc1,CCOC1=NC2=C(N1CC1=CC=C(C=C1)C1=C(C=CC=C1)C1=NN=NN1)C(=CC=C2)C(=O)OC(C)OC(=O)OC1CCCCC1,GHOSNRCGJFBJIB-UHFFFAOYSA-N,drugcentral,475,1,vLess-DILI-Concern,0,,1
TINIDAZOLE,CCS(=O)(=O)CCn1c([N+](=O)[O-])cnc1C,CCS(=O)(=O)CCn1c([N+](=O)[O-])cnc1C,HJLSLZFTEKNLFI-UHFFFAOYSA-N,chembl;drugcentral;pubchem,CHEMBL1220;2671;5479,1,vLess-DILI-Concern,0,,1
LEVETIRACETAM,CC[C@@H](C(N)=O)N1CCCC1=O,CC[C@@H](C(N)=O)N1CCCC1=O,HPHUVLMMVZITSG-LURJTMIESA-N,chembl;drugcentral;pubchem,CHEMBL1286;1563;5284583,1,vLess-DILI-Concern,0,,1
LOVASTATIN,CC[C@H](C)C(=O)O[C@H]1C[C@@H](C)C=C2C=C[C@H](C)[C@H](CC[C@@H]3C[C@@H](O)CC(=O)O3)[C@H]21,CC[C@H](C)C(=O)O[C@H]1C[C@@H](C)C=C2C=C[C@H](C)[C@H](CC[C@@H]3C[C@@H](O)CC(=O)O3)[C@H]21,PCZOHLXUXFIOCF-BXMDZJJMSA-N,chembl;drugcentral;pubchem,CHEMBL503;1612;53232,1,vLess-DILI-Concern,0,,1
PRAVASTATIN SODIUM,CC[C@H](C)C(=O)O[C@H]1C[C@H](O)C=C2C=C[C@H](C)[C@H](CC[C@@H](O)C[C@@H](O)CC(=O)O)[C@H]21,CC[C@H](C)C(=O)O[C@H]1C[C@H](O)C=C2C=C[C@H](C)[C@H](CC[C@@H](O)C[C@@H](O)CC(=O)[O-])[C@H]21.[Na+],TUZYXOIXSAXUGO-PZAWKZKUSA-N,chembl;drugcentral;pubchem,CHEMBL690;CHEMBL1144;2239;54687,1,vLess-DILI-Concern,0,,1
teriparatide,CC[C@H](C)[C@H](NC(=O)[C@H](CCC(=O)O)NC(=O)[C@H](CO)NC(=O)[C@@H](NC(=O)[C@@H](N)CO)C(C)C)C(=O)N[C@@H](CCC(N)=O)C(=O)N[C@@H](CC(C)C)C(=O)N[C@@H](CCSC)C(=O)N[C@@H](Cc1c[nH]cn1)C(=O)N[C@@H](CC(N)=O)C(=O)N[C@@H](CC(C)C)C(=O)NCC(=O)N[C@@H](CCCCN)C(=O)N[C@@H](Cc1c[nH]cn1)C(=O)N[C@@H](CC(C)C)C(=O)N[C@@H](CC(N)=O)C(=O)N[C@@H](CO)C(=O)N[C@@H](CCSC)C(=O)N[C@@H](CCC(=O)O)C(=O)N[C@@H](CCCNC(=N)N)C(=O)N[C@H](C(=O)N[C@@H](CCC(=O)O)C(=O)N[C@@H](Cc1c[nH]c2ccccc12)C(=O)N[C@@H](CC(C)C)C(=O)N[C@@H](CCCNC(=N)N)C(=O)N[C@@H](CCCCN)C(=O)N[C@@H](CCCCN)C(=O)N[C@@H](CC(C)C)C(=O)N[C@@H](CCC(N)=O)C(=O)N[C@@H](CC(=O)O)C(=O)N[C@H](C(=O)N[C@@H](Cc1c[nH]cn1)C(=O)N[C@@H](CC(N)=O)C(=O)N[C@@H](Cc1ccccc1)C(=O)O)C(C)C)C(C)C,CC[C@H](C)[C@H](NC(=O)[C@H](CCC(O)=O)NC(=O)[C@H](CO)NC(=O)[C@@H](NC(=O)[C@@H](N)CO)C(C)C)C(=O)N[C@@H](CCC(N)=O)C(=O)N[C@@H](CC(C)C)C(=O)N[C@@H](CCSC)C(=O)N[C@@H](CC1=CNC=N1)C(=O)N[C@@H](CC(N)=O)C(=O)N[C@@H](CC(C)C)C(=O)NCC(=O)N[C@@H](CCCCN)C(=O)N[C@@H](CC1=CNC=N1)C(=O)N[C@@H](CC(C)C)C(=O)N[C@@H](CC(N)=O)C(=O)N[C@@H](CO)C(=O)N[C@@H](CCSC)C(=O)N[C@@H](CCC(O)=O)C(=O)N[C@@H](CCCNC(N)=N)C(=O)N[C@@H](C(C)C)C(=O)N[C@@H](CCC(O)=O)C(=O)N[C@@H](CC1=CNC2=C1C=CC=C2)C(=O)N[C@@H](CC(C)C)C(=O)N[C@@H](CCCNC(N)=N)C(=O)N[C@@H](CCCCN)C(=O)N[C@@H](CCCCN)C(=O)N[C@@H](CC(C)C)C(=O)N[C@@H](CCC(N)=O)C(=O)N[C@@H](CC(O)=O)C(=O)N[C@@H](C(C)C)C(=O)N[C@@H](CC1=CNC=N1)C(=O)N[C@@H](CC(N)=O)C(=O)N[C@@H](CC1=CC=CC=C1)C(O)=O,OGBMKVWORPGQRR-UMXFMPSGSA-N,drugcentral,4514,1,vLess-DILI-Concern,0,,1
TERIPARATIDE,CC[C@H](C)[C@H](NC(=O)[C@H](CCC(=O)O)NC(=O)[C@H](CO)NC(=O)[C@@H](NC(=O)[C@@H](N)CO)C(C)C)C(=O)N[C@@H](CCC(N)=O)C(=O)N[C@@H](CC(C)C)C(=O)N[C@@H](CCSC)C(=O)N[C@@H](Cc1cnc[nH]1)C(=O)N[C@@H](CC(N)=O)C(=O)N[C@@H](CC(C)C)C(=O)NCC(=O)N[C@@H](CCCCN)C(=O)N[C@@H](Cc1cnc[nH]1)C(=O)N[C@@H](CC(C)C)C(=O)N[C@@H](CC(N)=O)C(=O)N[C@@H](CO)C(=O)N[C@@H](CCSC)C(=O)N[C@@H](CCC(=O)O)C(=O)N[C@@H](CCCNC(=N)N)C(=O)N[C@H](C(=O)N[C@@H](CCC(=O)O)C(=O)N[C@@H](Cc1c[nH]c2ccccc12)C(=O)N[C@@H](CC(C)C)C(=O)N[C@@H](CCCNC(=N)N)C(=O)N[C@@H](CCCCN)C(=O)N[C@@H](CCCCN)C(=O)N[C@@H](CC(C)C)C(=O)N[C@@H](CCC(N)=O)C(=O)N[C@@H](CC(=O)O)C(=O)N[C@H](C(=O)N[C@@H](Cc1cnc[nH]1)C(=O)N[C@@H](CC(N)=O)C(=O)N[C@@H](Cc1ccccc1)C(=O)O)C(C)C)C(C)C,CC[C@H](C)[C@H](NC(=O)[C@H](CCC(=O)O)NC(=O)[C@H](CO)NC(=O)[C@@H](NC(=O)[C@@H](N)CO)C(C)C)C(=O)N[C@@H](CCC(N)=O)C(=O)N[C@@H](CC(C)C)C(=O)N[C@@H](CCSC)C(=O)N[C@@H](Cc1cnc[nH]1)C(=O)N[C@@H](CC(N)=O)C(=O)N[C@@H](CC(C)C)C(=O)NCC(=O)N[C@@H](CCCCN)C(=O)N[C@@H](Cc1cnc[nH]1)C(=O)N[C@@H](CC(C)C)C(=O)N[C@@H](CC(N)=O)C(=O)N[C@@H](CO)C(=O)N[C@@H](CCSC)C(=O)N[C@@H](CCC(=O)O)C(=O)N[C@@H](CCCNC(=N)N)C(=O)N[C@H](C(=O)N[C@@H](CCC(=O)O)C(=O)N[C@@H](Cc1c[nH]c2ccccc12)C(=O)N[C@@H](CC(C)C)C(=O)N[C@@H](CCCNC(=N)N)C(=O)N[C@@H](CCCCN)C(=O)N[C@@H](CCCCN)C(=O)N[C@@H](CC(C)C)C(=O)N[C@@H](CCC(N)=O)C(=O)N[C@@H](CC(=O)O)C(=O)N[C@H](C(=O)N[C@@H](Cc1cnc[nH]1)C(=O)N[C@@H](CC(N)=O)C(=O)N[C@@H](Cc1ccccc1)C(=O)O)C(C)C)C(C)C,OGBMKVWORPGQRR-UMXFMPSGSA-N,chembl,CHEMBL525610,1,vLess-DILI-Concern,0,,1
semaglutide,CC[C@H](C)[C@H](NC(=O)[C@H](Cc1ccccc1)NC(=O)[C@H](CCC(=O)O)NC(=O)[C@H](CCCCNC(=O)COCCOCCNC(=O)COCCOCCNC(=O)[C@H](CCC(=O)O)NC(=O)CCCCCCCCCCCCCCCCC(=O)O)NC(=O)[C@H](C)NC(=O)[C@H](C)NC(=O)[C@H](CCC(N)=O)NC(=O)CNC(=O)[C@H](CCC(=O)O)NC(=O)[C@H](CC(C)C)NC(=O)[C@H](Cc1ccc(O)cc1)NC(=O)[C@H](CO)NC(=O)[C@H](CO)NC(=O)[C@@H](NC(=O)[C@H](CC(=O)O)NC(=O)[C@H](CO)NC(=O)[C@@H](NC(=O)[C@H](Cc1ccccc1)NC(=O)[C@@H](NC(=O)CNC(=O)[C@H](CCC(=O)O)NC(=O)C(C)(C)NC(=O)[C@@H](N)Cc1c[nH]cn1)[C@@H](C)O)[C@@H](C)O)C(C)C)C(=O)N[C@@H](C)C(=O)N[C@@H](Cc1c[nH]c2ccccc12)C(=O)N[C@@H](CC(C)C)C(=O)N[C@H](C(=O)N[C@@H](CCCNC(=N)N)C(=O)NCC(=O)N[C@@H](CCCNC(=N)N)C(=O)NCC(=O)O)C(C)C,CC[C@H](C)[C@H](NC(=O)[C@H](CC1=CC=CC=C1)NC(=O)[C@H](CCC(O)=O)NC(=O)[C@H](CCCCNC(=O)COCCOCCNC(=O)COCCOCCNC(=O)[C@H](CCC(O)=O)NC(=O)CCCCCCCCCCCCCCCCC(O)=O)NC(=O)[C@H](C)NC(=O)[C@H](C)NC(=O)[C@H](CCC(N)=O)NC(=O)CNC(=O)[C@H](CCC(O)=O)NC(=O)[C@H](CC(C)C)NC(=O)[C@H](CC1=CC=C(O)C=C1)NC(=O)[C@H](CO)NC(=O)[C@H](CO)NC(=O)[C@@H](NC(=O)[C@H](CC(O)=O)NC(=O)[C@H](CO)NC(=O)[C@@H](NC(=O)[C@H](CC1=CC=CC=C1)NC(=O)[C@@H](NC(=O)CNC(=O)[C@H](CCC(O)=O)NC(=O)C(C)(C)NC(=O)[C@@H](N)CC1=CNC=N1)[C@@H](C)O)[C@@H](C)O)C(C)C)C(=O)N[C@@H](C)C(=O)N[C@@H](CC1=CNC2=C1C=CC=C2)C(=O)N[C@@H](CC(C)C)C(=O)N[C@@H](C(C)C)C(=O)N[C@@H](CCCNC(N)=N)C(=O)NCC(=O)N[C@@H](CCCNC(N)=N)C(=O)NCC(O)=O,YAADDGYZMCRWRC-CIIFZSTISA-N,drugcentral,5267,1,vLess-DILI-Concern,0,,1
AZITHROMYCIN,CC[C@H]1OC(=O)[C@H](C)[C@@H](O[C@H]2C[C@@](C)(OC)[C@@H](O)[C@H](C)O2)[C@H](C)[C@@H](O[C@@H]2O[C@H](C)C[C@H](N(C)C)[C@H]2O)[C@](C)(O)C[C@@H](C)CN(C)[C@H](C)[C@@H](O)[C@]1(C)O,CC[C@H]1OC(=O)[C@H](C)[C@@H](O[C@H]2C[C@@](C)(OC)[C@@H](O)[C@H](C)O2)[C@H](C)[C@@H](O[C@@H]2O[C@H](C)C[C@H](N(C)C)[C@H]2O)[C@](C)(O)C[C@@H](C)CN(C)[C@H](C)[C@@H](O)[C@]1(C)O,MQTOSJVFKKJCRP-BICOPXKESA-N,chembl;drugcentral;pubchem,CHEMBL529;276;447043,1,vLess-DILI-Concern,0,,1
VINBLASTINE,CC[C@]1(O)C[C@@H]2CN(CCc3c([nH]c4ccccc34)[C@@](C(=O)OC)(c3cc4c(cc3OC)N(C)[C@H]3[C@@](O)(C(=O)OC)[C@H](OC(C)=O)[C@]5(CC)C=CCN6CC[C@]43[C@@H]65)C2)C1,CC[C@]1(O)C[C@@H]2CN(CCc3c([nH]c4ccccc34)[C@@](C(=O)OC)(c3cc4c(cc3OC)N(C)[C@H]3[C@@](O)(C(=O)OC)[C@H](OC(C)=O)[C@]5(CC)C=CCN6CC[C@]43[C@@H]65)C2)C1,JXLYSJRDGCGARV-CFWMRBGOSA-N,chembl;drugcentral;pubchem,CHEMBL159;CHEMBL378544;2823;13342,1,vLess-DILI-Concern,0,,1
(+)-Vincristine,CC[C@]1(O)C[C@@H]2CN(CCc3c([nH]c4ccccc34)[C@@](C(=O)OC)(c3cc4c(cc3OC)N(C=O)[C@H]3[C@@](O)(C(=O)OC)[C@H](OC(C)=O)[C@]5(CC)C=CCN6CC[C@]43[C@@H]65)C2)C1,CC[C@@]1(C[C@H]2C[C@@](C3=C(CCN(C2)C1)C4=CC=CC=C4N3)(C5=C(C=C6C(=C5)[C@]78CCN9[C@H]7[C@@](C=CC9)([C@H]([C@@]([C@@H]8N6C=O)(C(=O)OC)O)OC(=O)C)CC)OC)C(=O)OC)O,OGWKCGZFUXNPDA-CFWMRBGOSA-N,pubchem,5388993,1,vLess-DILI-Concern,0,,1
vincristine,CC[C@]1(O)C[C@@H]2C[N@@](CCc3c([nH]c4ccccc34)[C@@](C(=O)OC)(c3cc4c(cc3OC)N(C=O)[C@H]3[C@@](O)(C(=O)OC)[C@H](OC(C)=O)[C@]5(CC)C=CCN6CC[C@]43[C@@H]65)C2)C1,CC[C@]1(O)C[C@@H]2C[N@](C1)CCC1=C(NC3=CC=CC=C13)[C@@](C2)(C(=O)OC)C1=C(OC)C=C2N(C=O)[C@@H]3[C@]4(CCN5CC=C[C@](CC)([C@@H]45)[C@@H](OC(C)=O)[C@]3(O)C(=O)OC)C2=C1,OGWKCGZFUXNPDA-CFWMRBGOSA-N,drugcentral,2825,1,vLess-DILI-Concern,0,,1
IRINOTECAN,CCc1c2c(nc3ccc(OC(=O)N4CCC(N5CCCCC5)CC4)cc13)-c1cc3c(c(=O)n1C2)COC(=O)[C@]3(O)CC,CCc1c2c(nc3ccc(OC(=O)N4CCC(N5CCCCC5)CC4)cc13)-c1cc3c(c(=O)n1C2)COC(=O)[C@]3(O)CC,UWKQSNNFCGGAFS-XIFFEERXSA-N,chembl;drugcentral;pubchem,CHEMBL481;CHEMBL3989514;1482;60838,1,vLess-DILI-Concern,0,,1
ETHIONAMIDE,CCc1cc(C(N)=S)ccn1,CCc1cc(C(N)=S)ccn1,AEOCXXJPGCBFJA-UHFFFAOYSA-N,chembl;drugcentral;pubchem,CHEMBL1441;1083;2761171,1,vLess-DILI-Concern,0,,1
PIOGLITAZONE,CCc1ccc(CCOc2ccc(CC3SC(=O)NC3=O)cc2)nc1,CCc1ccc(CCOc2ccc(CC3SC(=O)NC3=O)cc2)nc1,HYAFETHFCAUJAY-UHFFFAOYSA-N,chembl;drugcentral;pubchem,CHEMBL595;CHEMBL1715;2179;4829,1,vLess-DILI-Concern,0,,1
PYRIMETHAMINE,CCc1nc(N)nc(N)c1-c1ccc(Cl)cc1,CCc1nc(N)nc(N)c1-c1ccc(Cl)cc1,WKSAUQYGYAYLPV-UHFFFAOYSA-N,chembl;drugcentral;pubchem,CHEMBL36;2332;4993,1,vLess-DILI-Concern,1,,1
NORFLOXACIN,CCn1cc(C(=O)O)c(=O)c2cc(F)c(N3CCNCC3)cc21,CCn1cc(C(=O)O)c(=O)c2cc(F)c(N3CCNCC3)cc21,OGJPXUAPXNRGGI-UHFFFAOYSA-N,chembl;drugcentral;pubchem,CHEMBL9;1967;4539,1,vLess-DILI-Concern,1,,1
Metformin,CN(C)C(=N)N=C(N)N,CN(C)C(=N)N=C(N)N,XZWYZXLIPXDOLR-UHFFFAOYSA-N,pubchem,4091,1,vLess-DILI-Concern,0,,1
METFORMIN,CN(C)C(=N)NC(=N)N,CN(C)C(=N)NC(=N)N,XZWYZXLIPXDOLR-UHFFFAOYSA-N,chembl;drugcentral,CHEMBL1431;CHEMBL1703;1725,1,vLess-DILI-Concern,0,,1
PYRIDOSTIGMINE BROMIDE,CN(C)C(=O)Oc1ccc[n+](C)c1,CN(C)C(=O)Oc1ccc[n+](C)c1.[Br-],RVOLLAQWKVFTGE-UHFFFAOYSA-N,chembl;drugcentral;pubchem,CHEMBL812;CHEMBL1115;2330;4991,1,vLess-DILI-Concern,0,,1
CYCLOBENZAPRINE,CN(C)CCC=C1c2ccccc2C=Cc2ccccc21,CN(C)CCC=C1c2ccccc2C=Cc2ccccc21,JURKNVYFZMSNLP-UHFFFAOYSA-N,chembl;drugcentral;pubchem,CHEMBL669;CHEMBL1200636;751;2895,1,vLess-DILI-Concern,0,,1
AMITRIPTYLINE,CN(C)CCC=C1c2ccccc2CCc2ccccc21,CN(C)CCC=C1c2ccccc2CCc2ccccc21,KRMDCWKBEZIMAB-UHFFFAOYSA-N,chembl;drugcentral;pubchem,CHEMBL629;CHEMBL1200964;180;2160,1,vLess-DILI-Concern,0,,1
DOXEPIN,CN(C)CCC=C1c2ccccc2COc2ccccc21,CN(C)CCC=C1c2ccccc2COc2ccccc21,ODQWQRRAPPTVAG-UHFFFAOYSA-N,chembl;drugcentral,CHEMBL1628227;CHEMBL1628234;956,1,vLess-DILI-Concern,0,,1
CITALOPRAM,CN(C)CCCC1(c2ccc(F)cc2)OCc2cc(C#N)ccc21,CN(C)CCCC1(c2ccc(F)cc2)OCc2cc(C#N)ccc21,WSEQXVZVJXJVFP-UHFFFAOYSA-N,chembl;drugcentral;pubchem,CHEMBL549;CHEMBL1200781;663;2771,1,vLess-DILI-Concern,0,,1
IMIPRAMINE,CN(C)CCCN1c2ccccc2CCc2ccccc21,CN(C)CCCN1c2ccccc2CCc2ccccc21,BCGWQEUPMDMJNV-UHFFFAOYSA-N,chembl;drugcentral;pubchem,CHEMBL11;CHEMBL1692;1427;3696,1,vLess-DILI-Concern,0,,1
CHLORPROMAZINE,CN(C)CCCN1c2ccccc2Sc2ccc(Cl)cc21,CN(C)CCCN1c2ccccc2Sc2ccc(Cl)cc21,ZPEIMTDSQAKGNT-UHFFFAOYSA-N,chembl;drugcentral;pubchem,CHEMBL71;CHEMBL1713;621;2726,1,vLess-DILI-Concern,0,,1
DOFETILIDE,CN(CCOc1ccc(NS(C)(=O)=O)cc1)CCc1ccc(NS(C)(=O)=O)cc1,CN(CCOc1ccc(NS(C)(=O)=O)cc1)CCc1ccc(NS(C)(=O)=O)cc1,IXTMWRCNAAVVAI-UHFFFAOYSA-N,chembl;drugcentral;pubchem,CHEMBL473;942;71329,1,vLess-DILI-Concern,0,,1
CIMETIDINE,CN/C(=N\CCSCc1nc[nH]c1C)NC#N,CN/C(=N\CCSCc1nc[nH]c1C)NC#N,AQIXAKUUQRKLND-UHFFFAOYSA-N,chembl,CHEMBL30;CHEMBL1201051,1,vLess-DILI-Concern,0,,1
DIAZEPAM,CN1C(=O)CN=C(c2ccccc2)c2cc(Cl)ccc21,CN1C(=O)CN=C(c2ccccc2)c2cc(Cl)ccc21,AAOVKJBEBIDNHE-UHFFFAOYSA-N,chembl;drugcentral;pubchem,CHEMBL12;852;3016,1,vLess-DILI-Concern,0,,1
PIROXICAM,CN1C(C(=O)Nc2ccccn2)=C(O)c2ccccc2S1(=O)=O,CN1C(C(=O)Nc2ccccn2)=C(O)c2ccccc2S1(=O)=O,QYSPLQLAKJAUJT-UHFFFAOYSA-N,chembl;drugcentral;pubchem,CHEMBL527;2210;54676228,1,vLess-DILI-Concern,0,,1
TADALAFIL,CN1CC(=O)N2[C@H](c3ccc4c(c3)OCO4)c3[nH]c4ccccc4c3C[C@@H]2C1=O,CN1CC(=O)N2[C@H](c3ccc4c(c3)OCO4)c3[nH]c4ccccc4c3C[C@@H]2C1=O,WOXKDUGGOYFFRN-IIBYNOLFSA-N,chembl;drugcentral;pubchem,CHEMBL779;2553;110635,1,vLess-DILI-Concern,0,,1
CYPROHEPTADINE,CN1CCC(=C2c3ccccc3C=Cc3ccccc32)CC1,CN1CCC(=C2c3ccccc3C=Cc3ccccc32)CC1,JJCFRYNCJDLXIK-UHFFFAOYSA-N,chembl;drugcentral;pubchem,CHEMBL516;CHEMBL1716;765;2913,1,vLess-DILI-Concern,1,,1
ESZOPICLONE,CN1CCN(C(=O)O[C@H]2c3nccnc3C(=O)N2c2ccc(Cl)cn2)CC1,CN1CCN(C(=O)O[C@H]2c3nccnc3C(=O)N2c2ccc(Cl)cn2)CC1,GBBSUAFBMRNDJC-INIZCTEOSA-N,chembl;drugcentral;pubchem,CHEMBL1522;1068;969472,1,vLess-DILI-Concern,0,,1
chlorcyclizine,CN1CCN(C(c2ccccc2)c2ccc(Cl)cc2)CC1,CN1CCN(CC1)C(C1=CC=CC=C1)C1=CC=C(Cl)C=C1,WFNAKBGANONZEQ-UHFFFAOYSA-N,drugcentral;pubchem,593;2710,1,vLess-DILI-Concern,0,,1
TRIFLUOPERAZINE,CN1CCN(CCCN2c3ccccc3Sc3ccc(C(F)(F)F)cc32)CC1,CN1CCN(CCCN2c3ccccc3Sc3ccc(C(F)(F)F)cc32)CC1,ZEWQUBUPAILYHI-UHFFFAOYSA-N,chembl;drugcentral;pubchem,CHEMBL422;CHEMBL1257040;2740;5566,1,vLess-DILI-Concern,0,,1
PROCHLORPERAZINE,CN1CCN(CCCN2c3ccccc3Sc3ccc(Cl)cc32)CC1,CN1CCN(CCCN2c3ccccc3Sc3ccc(Cl)cc32)CC1,WIKYUJGCLQQFNW-UHFFFAOYSA-N,chembl;drugcentral;pubchem,CHEMBL728;CHEMBL1201154;CHEMBL1314751;2274;4917,1,vLess-DILI-Concern,1,,1
MIRTAZAPINE,CN1CCN2c3ncccc3Cc3ccccc3C2C1,CN1CCN2c3ncccc3Cc3ccccc3C2C1,RONZAEMNMFQXRA-UHFFFAOYSA-N,chembl;drugcentral;pubchem,CHEMBL654;1816;4205,1,vLess-DILI-Concern,0,,1
Cimetidine,CN=C(NC#N)NCCSCc1nc[nH]c1C,CC1=C(N=CN1)CSCCNC(=NC)NC#N,AQIXAKUUQRKLND-UHFFFAOYSA-N,pubchem,2756,1,vLess-DILI-Concern,0,,1
RANITIDINE,CNC(=C[N+](=O)[O-])NCCSCc1ccc(CN(C)C)o1,CNC(=C[N+](=O)[O-])NCCSCc1ccc(CN(C)C)o1,VMXUWOKSQNHOCA-UHFFFAOYSA-N,chembl;drugcentral;pubchem,CHEMBL1790041;CHEMBL2110372;CHEMBL2111286;2358;5039,1,vLess-DILI-Concern,0,,1
NIZATIDINE,CNC(=C[N+](=O)[O-])NCCSCc1csc(CN(C)C)n1,CNC(=C[N+](=O)[O-])NCCSCc1csc(CN(C)C)n1,SGXXNSQHWDMGGP-UHFFFAOYSA-N,chembl;drugcentral,CHEMBL3183075;1955,1,vLess-DILI-Concern,0,,1
cimetidine,CNC(=NC#N)NCCSCc1nc[nH]c1C,CNC(NCCSCC1=C(C)NC=N1)=NC#N,AQIXAKUUQRKLND-UHFFFAOYSA-N,drugcentral,645,1,vLess-DILI-Concern,0,,1
CAPMATINIB,CNC(=O)c1ccc(-c2cnc3ncc(Cc4ccc5ncccc5c4)n3n2)cc1F,CNC(=O)c1ccc(-c2cnc3ncc(Cc4ccc5ncccc5c4)n3n2)cc1F,LIOLIMKSCNQPLV-UHFFFAOYSA-N,chembl;drugcentral;pubchem,CHEMBL3188267;CHEMBL3989937;5392;25145656,1,vLess-DILI-Concern,0,,1
KETAMINE,CNC1(c2ccccc2Cl)CCCCC1=O,CNC1(c2ccccc2Cl)CCCCC1=O,YQEZLKZALYSWHR-UHFFFAOYSA-N,chembl;drugcentral;pubchem,CHEMBL742;CHEMBL1714;1523;3821,1,vLess-DILI-Concern,0,,1
CHLORDIAZEPOXIDE,CNC1=Nc2ccc(Cl)cc2C(c2ccccc2)=[N+]([O-])C1,CNC1=Nc2ccc(Cl)cc2C(c2ccccc2)=[N+]([O-])C1,ANTSCNMPPGJYLG-UHFFFAOYSA-N,chembl;drugcentral,CHEMBL451;CHEMBL1200703;594,1,vLess-DILI-Concern,0,,1
FLUOXETINE,CNCCC(Oc1ccc(C(F)(F)F)cc1)c1ccccc1,CNCCC(Oc1ccc(C(F)(F)F)cc1)c1ccccc1,RTHCYVBBDHJXIQ-UHFFFAOYSA-N,chembl;drugcentral;pubchem,CHEMBL41;CHEMBL1201082;1209;3386,1,vLess-DILI-Concern,0,,1
PROCARBAZINE,CNNCc1ccc(C(=O)NC(C)C)cc1,CNNCc1ccc(C(=O)NC(C)C)cc1,CPTBDICYNRMXFX-UHFFFAOYSA-N,chembl;drugcentral;pubchem,CHEMBL1321;CHEMBL1200410;2272;4915,1,vLess-DILI-Concern,0,,1
VANCOMYCIN,CN[C@H](CC(C)C)C(=O)N[C@H]1C(=O)N[C@@H](CC(N)=O)C(=O)N[C@H]2C(=O)N[C@H]3C(=O)N[C@H](C(=O)N[C@H](C(=O)O)c4cc(O)cc(O)c4-c4cc3ccc4O)[C@H](O)c3ccc(c(Cl)c3)Oc3cc2cc(c3O[C@@H]2O[C@H](CO)[C@@H](O)[C@H](O)[C@H]2O[C@H]2C[C@](C)(N)[C@H](O)[C@H](C)O2)Oc2ccc(cc2Cl)[C@H]1O,CN[C@H](CC(C)C)C(=O)N[C@H]1C(=O)N[C@@H](CC(N)=O)C(=O)N[C@H]2C(=O)N[C@H]3C(=O)N[C@H](C(=O)N[C@H](C(=O)O)c4cc(O)cc(O)c4-c4cc3ccc4O)[C@H](O)c3ccc(c(Cl)c3)Oc3cc2cc(c3O[C@@H]2O[C@H](CO)[C@@H](O)[C@H](O)[C@H]2O[C@H]2C[C@](C)(N)[C@H](O)[C@H](C)O2)Oc2ccc(cc2Cl)[C@H]1O,MYPYJXKWCTUITO-LYRMYLQWSA-N,chembl;drugcentral;pubchem,CHEMBL262777;CHEMBL1200628;2807;14969,1,vLess-DILI-Concern,0,,1
SERTRALINE,CN[C@H]1CC[C@@H](c2ccc(Cl)c(Cl)c2)c2ccccc21,CN[C@H]1CC[C@@H](c2ccc(Cl)c(Cl)c2)c2ccccc21,VGKDLMBJGBXTGI-SJCJKPOMSA-N,chembl;drugcentral;pubchem,CHEMBL809;CHEMBL1709;2436;68617,1,vLess-DILI-Concern,0,,1
CEFOTAXIME SODIUM,CO/N=C(\C(=O)N[C@@H]1C(=O)N2C(C(=O)O)=C(COC(C)=O)CS[C@H]12)c1csc(N)n1,CO/N=C(\C(=O)N[C@@H]1C(=O)N2C(C(=O)[O-])=C(COC(C)=O)CS[C@H]12)c1csc(N)n1.[Na+],GPRBEKHLDVQUJE-QSWIMTSFSA-N,chembl;drugcentral;pubchem,CHEMBL1010;CHEMBL1730;546;5742673,1,vLess-DILI-Concern,0,,1
CEFUROXIME,CO/N=C(\C(=O)N[C@@H]1C(=O)N2C(C(=O)O)=C(COC(N)=O)CS[C@H]12)c1ccco1,CO/N=C(\C(=O)N[C@@H]1C(=O)N2C(C(=O)O)=C(COC(N)=O)CS[C@H]12)c1ccco1,JFPVXVDWJQMJEE-IZRZKJBUSA-N,chembl;drugcentral;pubchem,CHEMBL1436;CHEMBL2146124;565;5479529,1,vLess-DILI-Concern,0,,1
ceftriaxone,CO/N=C(\C(=O)N[C@@H]1C(=O)N2C(C(=O)O)=C(CSc3nc(=O)c(=O)[nH]n3C)CS[C@H]12)c1csc(N)n1,CO\N=C(/C(=O)N[C@H]1[C@H]2SCC(CSC3=NC(=O)C(=O)NN3C)=C(N2C1=O)C(O)=O)C1=CSC(N)=N1,VAAUVRVFOQPIGI-SPQHTLEESA-N,drugcentral;pubchem,564;5479530,1,vLess-DILI-Concern,0,,1
CEFTRIAXONE,CO/N=C(\C(=O)N[C@@H]1C(=O)N2C(C(=O)O)=C(CSc3nc(=O)c(O)nn3C)CS[C@H]12)c1csc(N)n1,CO/N=C(\C(=O)N[C@@H]1C(=O)N2C(C(=O)O)=C(CSc3nc(=O)c(O)nn3C)CS[C@H]12)c1csc(N)n1,VAAUVRVFOQPIGI-SPQHTLEESA-N,chembl,CHEMBL161;CHEMBL6067656,1,vLess-DILI-Concern,0,,1
CEFEPIME HYDROCHLORIDE,CO/N=C(\C(=O)N[C@@H]1C(=O)N2C(C(=O)O)=C(C[N+]3(C)CCCC3)CS[C@H]12)c1csc(N)n1,CO/N=C(\C(=O)N[C@@H]1C(=O)N2C(C(=O)O)=C(C[N+]3(C)CCCC3)CS[C@H]12)c1csc(N)n1.Cl.O.[Cl-],HVFLCNVBZFFHBT-ZKDACBOMSA-O,chembl,CHEMBL1200962,1,vLess-DILI-Concern,0,,1
CEFDITOREN PIVOXIL,CO/N=C(\C(=O)N[C@@H]1C(=O)N2C(C(=O)OCOC(=O)C(C)(C)C)=C(/C=C\c3scnc3C)CS[C@H]12)c1csc(N)n1,CO/N=C(\C(=O)N[C@@H]1C(=O)N2C(C(=O)OCOC(=O)C(C)(C)C)=C(/C=C\c3scnc3C)CS[C@H]12)c1csc(N)n1,AFZFFLVORLEPPO-UVYJNCLZSA-N,chembl;drugcentral,CHEMBL454446;534,1,vLess-DILI-Concern,0,,1
GEMIFLOXACIN,CO/N=C1\CN(c2nc3c(cc2F)c(=O)c(C(=O)O)cn3C2CC2)CC1CN,CO/N=C1\CN(c2nc3c(cc2F)c(=O)c(C(=O)O)cn3C2CC2)CC1CN,ZRCVYEYHRGVLOC-HYARGMPZSA-N,chembl;drugcentral;pubchem,CHEMBL430;CHEMBL1200621;1286;9571107,1,vLess-DILI-Concern,0,,1
METHYLPHENIDATE,COC(=O)C(c1ccccc1)C1CCCCN1,COC(=O)C(c1ccccc1)C1CCCCN1,DUGOZIWVEXMGBE-UHFFFAOYSA-N,chembl;drugcentral;pubchem,CHEMBL796;CHEMBL1722;1767;4158,1,vLess-DILI-Concern,0,,1
ISRADIPINE,COC(=O)C1=C(C)NC(C)=C(C(=O)OC(C)C)C1c1cccc2nonc12,COC(=O)C1=C(C)NC(C)=C(C(=O)OC(C)C)C1c1cccc2nonc12,HMJIYCCIJYRONP-UHFFFAOYSA-N,chembl;drugcentral;pubchem,CHEMBL1648;1511;3784,1,vLess-DILI-Concern,0,,1
NIFEDIPINE,COC(=O)C1=C(C)NC(C)=C(C(=O)OC)C1c1ccccc1[N+](=O)[O-],COC(=O)C1=C(C)NC(C)=C(C(=O)OC)C1c1ccccc1[N+](=O)[O-],HYIMSNHJOBLJNT-UHFFFAOYSA-N,chembl;drugcentral;pubchem,CHEMBL193;1922;4485,1,vLess-DILI-Concern,1,,1
ATAZANAVIR,COC(=O)N[C@H](C(=O)N[C@@H](Cc1ccccc1)[C@@H](O)CN(Cc1ccc(-c2ccccn2)cc1)NC(=O)[C@@H](NC(=O)OC)C(C)(C)C)C(C)(C)C,COC(=O)N[C@H](C(=O)N[C@@H](Cc1ccccc1)[C@@H](O)CN(Cc1ccc(-c2ccccn2)cc1)NC(=O)[C@@H](NC(=O)OC)C(C)(C)C)C(C)(C)C,AXRYRYVKAWYZBR-GASGPIRDSA-N,chembl;drugcentral;pubchem,CHEMBL1163;CHEMBL1200678;254;148192,1,vLess-DILI-Concern,0,,1
MEBENDAZOLE,COC(=O)Nc1nc2cc(C(=O)c3ccccc3)ccc2[nH]1,COC(=O)Nc1nc2cc(C(=O)c3ccccc3)ccc2[nH]1,OPXLLQIJSORQAM-UHFFFAOYSA-N,chembl;drugcentral,CHEMBL685;1641,1,vLess-DILI-Concern,1,,1
Mebendazole,COC(=O)Nc1nc2ccc(C(=O)c3ccccc3)cc2[nH]1,COC(=O)NC1=NC2=C(N1)C=C(C=C2)C(=O)C3=CC=CC=C3,OPXLLQIJSORQAM-UHFFFAOYSA-N,pubchem,4030,1,vLess-DILI-Concern,1,,1
EPLERENONE,COC(=O)[C@@H]1CC2=CC(=O)CC[C@]2(C)[C@@]23O[C@@H]2C[C@@]2(C)[C@@H](CC[C@@]24CCC(=O)O4)[C@H]13,COC(=O)[C@@H]1CC2=CC(=O)CC[C@]2(C)[C@@]23O[C@@H]2C[C@@]2(C)[C@@H](CC[C@@]24CCC(=O)O4)[C@H]13,JUKPWJGBANNWMW-VWBFHTRKSA-N,chembl;drugcentral;pubchem,CHEMBL1095097;1032;443872,1,vLess-DILI-Concern,0,,1
DEXMETHYLPHENIDATE,COC(=O)[C@H](c1ccccc1)[C@H]1CCCCN1,COC(=O)[C@H](c1ccccc1)[C@H]1CCCCN1,DUGOZIWVEXMGBE-CHWSQXEVSA-N,chembl;drugcentral;pubchem,CHEMBL827;CHEMBL904;836;154101,1,vLess-DILI-Concern,0,,1
rabeprazole,COCCCOc1ccnc(CS(=O)c2nc3ccccc3[nH]2)c1C,COCCCOC1=CC=NC(CS(=O)C2=NC3=C(N2)C=CC=C3)=C1C,YREYEVIYCVEVJK-UHFFFAOYSA-N,drugcentral;pubchem,2350;5029,1,vLess-DILI-Concern,0,,1
RABEPRAZOLE,COCCCOc1ccnc(C[S+]([O-])c2nc3ccccc3[nH]2)c1C,COCCCOc1ccnc(C[S+]([O-])c2nc3ccccc3[nH]2)c1C,YREYEVIYCVEVJK-UHFFFAOYSA-N,chembl,CHEMBL1219;CHEMBL1200930,1,vLess-DILI-Concern,0,,1
METOPROLOL,COCCc1ccc(OCC(O)CNC(C)C)cc1,COCCc1ccc(OCC(O)CNC(C)C)cc1,IUBSYMUCCVWXPE-UHFFFAOYSA-N,chembl;drugcentral;pubchem,CHEMBL13;CHEMBL2062335;CHEMBL2356097;CHEMBL3989566;1786;4171,1,vLess-DILI-Concern,0,,1
MITOMYCIN,CO[C@@]12[C@H](COC(N)=O)C3=C(C(=O)C(C)=C(N)C3=O)N1C[C@@H]1N[C@@H]12,CO[C@@]12[C@H](COC(N)=O)C3=C(C(=O)C(C)=C(N)C3=O)N1C[C@@H]1N[C@@H]12,NWIBSHFKIJFRCO-WUDYKRTCSA-N,chembl;drugcentral;pubchem,CHEMBL105;1819;5746,1,vLess-DILI-Concern,0,,1
RIFABUTIN,CO[C@H]1/C=C/O[C@@]2(C)Oc3c(C)c(O)c4c(c3C2=O)C2=NC3(CCN(CC(C)C)CC3)NC2=C(NC(=O)/C(C)=C\C=C\[C@H](C)[C@H](O)[C@@H](C)[C@@H](O)[C@@H](C)[C@H](OC(C)=O)[C@@H]1C)C4=O,CO[C@H]1/C=C/O[C@@]2(C)Oc3c(C)c(O)c4c(c3C2=O)C2=NC3(CCN(CC(C)C)CC3)NC2=C(NC(=O)/C(C)=C\C=C\[C@H](C)[C@H](O)[C@@H](C)[C@@H](O)[C@@H](C)[C@H](OC(C)=O)[C@@H]1C)C4=O,ATEBXHFBFRCZMA-VXTBVIBXSA-N,chembl;drugcentral,CHEMBL444633;2376,1,vLess-DILI-Concern,0,,1
SIROLIMUS,CO[C@H]1C[C@@H]2CC[C@@H](C)[C@@](O)(O2)C(=O)C(=O)N2CCCC[C@H]2C(=O)O[C@H]([C@H](C)C[C@@H]2CC[C@@H](O)[C@H](OC)C2)CC(=O)[C@H](C)/C=C(\C)[C@@H](O)[C@@H](OC)C(=O)[C@H](C)C[C@H](C)/C=C/C=C/C=C/1C,CO[C@H]1C[C@@H]2CC[C@@H](C)[C@@](O)(O2)C(=O)C(=O)N2CCCC[C@H]2C(=O)O[C@H]([C@H](C)C[C@@H]2CC[C@@H](O)[C@H](OC)C2)CC(=O)[C@H](C)/C=C(\C)[C@@H](O)[C@@H](OC)C(=O)[C@H](C)C[C@H](C)/C=C/C=C/C=C/1C,QFJCIRLUMZQUOT-HPLJOQBZSA-N,chembl;drugcentral;pubchem,CHEMBL413;2446;5284616,1,vLess-DILI-Concern,0,,1
EVEROLIMUS,CO[C@H]1C[C@@H]2CC[C@@H](C)[C@@](O)(O2)C(=O)C(=O)N2CCCC[C@H]2C(=O)O[C@H]([C@H](C)C[C@@H]2CC[C@@H](OCCO)[C@H](OC)C2)CC(=O)[C@H](C)/C=C(\C)[C@@H](O)[C@@H](OC)C(=O)[C@H](C)C[C@H](C)/C=C/C=C/C=C/1C,CO[C@H]1C[C@@H]2CC[C@@H](C)[C@@](O)(O2)C(=O)C(=O)N2CCCC[C@H]2C(=O)O[C@H]([C@H](C)C[C@@H]2CC[C@@H](OCCO)[C@H](OC)C2)CC(=O)[C@H](C)/C=C(\C)[C@@H](O)[C@@H](OC)C(=O)[C@H](C)C[C@H](C)/C=C/C=C/C=C/1C,HKVAMNSJSFKALM-GKUWKFKPSA-N,chembl;drugcentral;pubchem,CHEMBL1908360;1118;6442177,1,vLess-DILI-Concern,0,,1
FONDAPARINUX SODIUM,CO[C@H]1O[C@H](COS(=O)(=O)O)[C@@H](O[C@@H]2O[C@@H](C(=O)O)[C@@H](O[C@H]3O[C@H](COS(=O)(=O)O)[C@@H](O[C@@H]4O[C@H](C(=O)O)[C@@H](O[C@H]5O[C@H](COS(=O)(=O)O)[C@@H](O)[C@H](O)[C@H]5NS(=O)(=O)O)[C@H](O)[C@H]4O)[C@H](OS(=O)(=O)O)[C@H]3NS(=O)(=O)O)[C@H](O)[C@H]2OS(=O)(=O)O)[C@H](O)[C@H]1NS(=O)(=O)O,CO[C@H]1O[C@H](COS(=O)(=O)[O-])[C@@H](O[C@@H]2O[C@@H](C(=O)[O-])[C@@H](O[C@H]3O[C@H](COS(=O)(=O)[O-])[C@@H](O[C@@H]4O[C@H](C(=O)[O-])[C@@H](O[C@H]5O[C@H](COS(=O)(=O)[O-])[C@@H](O)[C@H](O)[C@H]5NS(=O)(=O)[O-])[C@H](O)[C@H]4O)[C@H](OS(=O)(=O)[O-])[C@H]3NS(=O)(=O)[O-])[C@H](O)[C@H]2OS(=O)(=O)[O-])[C@H](O)[C@H]1NS(=O)(=O)[O-].[Na+].[Na+].[Na+].[Na+].[Na+].[Na+].[Na+].[Na+].[Na+].[Na+],KANJSNBRCNMZMV-ABRZTLGGSA-N,chembl;drugcentral;pubchem,CHEMBL1200644;CHEMBL1201202;1236;5282448,1,vLess-DILI-Concern,0,,1
MYCOPHENOLATE MOFETIL,COc1c(C)c2c(c(O)c1C/C=C(\C)CCC(=O)OCCN1CCOCC1)C(=O)OC2,COc1c(C)c2c(c(O)c1C/C=C(\C)CCC(=O)OCCN1CCOCC1)C(=O)OC2,RTGDFNSFWBGLEC-SYZQJQIISA-N,chembl;drugcentral;pubchem,CHEMBL1456;CHEMBL1200955;1859;5281078,1,vLess-DILI-Concern,0,,1
MOXIFLOXACIN,COc1c(N2C[C@@H]3CCCN[C@@H]3C2)c(F)cc2c(=O)c(C(=O)O)cn(C3CC3)c12,COc1c(N2C[C@@H]3CCCN[C@@H]3C2)c(F)cc2c(=O)c(C(=O)O)cn(C3CC3)c12,FABPRXSRWADJSP-MEDUHNTESA-N,chembl;drugcentral;pubchem,CHEMBL32;CHEMBL1200735;1854;152946,1,vLess-DILI-Concern,0,,1
METHOXSALEN,COc1c2occc2cc2ccc(=O)oc12,COc1c2occc2cc2ccc(=O)oc12,QXKHYNVANLEOEG-UHFFFAOYSA-N,chembl;drugcentral;pubchem,CHEMBL416;30;4114,1,vLess-DILI-Concern,0,,1
TRIMETHOPRIM,COc1cc(Cc2cnc(N)nc2N)cc(OC)c1OC,COc1cc(Cc2cnc(N)nc2N)cc(OC)c1OC,IEDVJHCEMCRBQM-UHFFFAOYSA-N,chembl;drugcentral;pubchem,CHEMBL22;CHEMBL1201080;CHEMBL2110367;2755;5578;446998,1,vLess-DILI-Concern,1,,1
ETOPOSIDE,COc1cc([C@@H]2c3cc4c(cc3[C@@H](O[C@@H]3O[C@@H]5CO[C@@H](C)O[C@H]5[C@H](O)[C@H]3O)[C@H]3COC(=O)[C@H]23)OCO4)cc(OC)c1O,COc1cc([C@@H]2c3cc4c(cc3[C@@H](O[C@@H]3O[C@@H]5CO[C@@H](C)O[C@H]5[C@H](O)[C@H]3O)[C@H]3COC(=O)[C@H]23)OCO4)cc(OC)c1O,VJJPUSNTGOMMGY-MRVIYFEKSA-N,chembl;drugcentral;pubchem,CHEMBL44657;1112;36462,1,vLess-DILI-Concern,0,,1
TENIPOSIDE,COc1cc([C@@H]2c3cc4c(cc3[C@@H](O[C@@H]3O[C@@H]5CO[C@@H](c6cccs6)O[C@H]5[C@H](O)[C@H]3O)[C@H]3COC(=O)[C@H]23)OCO4)cc(OC)c1O,COc1cc([C@@H]2c3cc4c(cc3[C@@H](O[C@@H]3O[C@@H]5CO[C@@H](c6cccs6)O[C@H]5[C@H](O)[C@H]3O)[C@H]3COC(=O)[C@H]23)OCO4)cc(OC)c1O,NRUKOCRGYNPUPR-QBPJDGROSA-N,chembl;drugcentral;pubchem,CHEMBL452231;2590;452548,1,vLess-DILI-Concern,0,,1
DONEPEZIL,COc1cc2c(cc1OC)C(=O)C(CC1CCN(Cc3ccccc3)CC1)C2,COc1cc2c(cc1OC)C(=O)C(CC1CCN(Cc3ccccc3)CC1)C2,ADEBPBSSDYVVLD-UHFFFAOYSA-N,chembl;drugcentral;pubchem,CHEMBL502;CHEMBL1678;946;3152,1,vLess-DILI-Concern,0,,1
ALFUZOSIN,COc1cc2nc(N(C)CCCNC(=O)C3CCCO3)nc(N)c2cc1OC,COc1cc2nc(N(C)CCCNC(=O)C3CCCO3)nc(N)c2cc1OC,WNMJYKCGWZFFKR-UHFFFAOYSA-N,chembl;drugcentral;pubchem,CHEMBL709;CHEMBL1723;115;2092,1,vLess-DILI-Concern,0,,1
DOXAZOSIN,COc1cc2nc(N3CCN(C(=O)C4COc5ccccc5O4)CC3)nc(N)c2cc1OC,COc1cc2nc(N3CCN(C(=O)C4COc5ccccc5O4)CC3)nc(N)c2cc1OC,RUZYUOTYCVRMRZ-UHFFFAOYSA-N,chembl;drugcentral;pubchem,CHEMBL707;CHEMBL1200561;954;3157,1,vLess-DILI-Concern,0,,1
DACOMITINIB,COc1cc2ncnc(Nc3ccc(F)c(Cl)c3)c2cc1NC(=O)/C=C/CN1CCCCC1,COc1cc2ncnc(Nc3ccc(F)c(Cl)c3)c2cc1NC(=O)/C=C/CN1CCCCC1.O,LVXJQMNHJWSHET-AATRIKPKSA-N,chembl;drugcentral;pubchem,CHEMBL2105719;CHEMBL2110732;5297;11511120,1,vLess-DILI-Concern,0,,1
APIXABAN,COc1ccc(-n2nc(C(N)=O)c3c2C(=O)N(c2ccc(N4CCCCC4=O)cc2)CC3)cc1,COc1ccc(-n2nc(C(N)=O)c3c2C(=O)N(c2ccc(N4CCCCC4=O)cc2)CC3)cc1,QNZCBYKSOIHPEH-UHFFFAOYSA-N,chembl;drugcentral;pubchem,CHEMBL231779;4298;10182969,1,vLess-DILI-Concern,0,,1
VENLAFAXINE,COc1ccc(C(CN(C)C)C2(O)CCCCC2)cc1,COc1ccc(C(CN(C)C)C2(O)CCCCC2)cc1,PNVNVHUZROJLTJ-UHFFFAOYSA-N,chembl;drugcentral;pubchem,CHEMBL637;CHEMBL1201066;CHEMBL5095051;2813;5656,1,vLess-DILI-Concern,0,,1
VERAPAMIL,COc1ccc(CCN(C)CCCC(C#N)(c2ccc(OC)c(OC)c2)C(C)C)cc1OC,COc1ccc(CCN(C)CCCC(C#N)(c2ccc(OC)c(OC)c2)C(C)C)cc1OC,SGTNSNPWRIOYBX-UHFFFAOYSA-N,chembl;drugcentral;pubchem,CHEMBL6966;CHEMBL1280;2815;2520,1,vLess-DILI-Concern,1,,1
GLYBURIDE,COc1ccc(Cl)cc1C(=O)NCCc1ccc(S(=O)(=O)NC(=O)NC2CCCCC2)cc1,COc1ccc(Cl)cc1C(=O)NCCc1ccc(S(=O)(=O)NC(=O)NC2CCCCC2)cc1,ZNNLBTZKUZBEKO-UHFFFAOYSA-N,chembl;drugcentral;pubchem,CHEMBL472;1314;3488,1,vLess-DILI-Concern,0,,1
OMEPRAZOLE,COc1ccc2[nH]c([S+]([O-])Cc3ncc(C)c(OC)c3C)nc2c1,COc1ccc2[nH]c([S+]([O-])Cc3ncc(C)c(OC)c3C)nc2c1,SUBDBMMJDZJVOS-UHFFFAOYSA-N,chembl,CHEMBL1503;CHEMBL1567328,1,vLess-DILI-Concern,0,,1
ESOMEPRAZOLE SODIUM,COc1ccc2[nH]c([S@@+]([O-])Cc3ncc(C)c(OC)c3C)nc2c1,COc1ccc2[n-]c([S@@+]([O-])Cc3ncc(C)c(OC)c3C)nc2c1.[Na+],SUBDBMMJDZJVOS-DEOSSOPVSA-N,chembl,CHEMBL1200470;CHEMBL1201320;CHEMBL2146140;CHEMBL5314366,1,vLess-DILI-Concern,0,,1
NAPROXEN,COc1ccc2cc([C@H](C)C(=O)O)ccc2c1,COc1ccc2cc([C@H](C)C(=O)O)ccc2c1,CMWTZPSULFXXJA-VIFPVBQESA-N,chembl;drugcentral;pubchem,CHEMBL154;CHEMBL1200806;1883;156391,1,vLess-DILI-Concern,0,,1
omeprazole,COc1ccc2nc(S(=O)Cc3ncc(C)c(OC)c3C)[nH]c2c1,COC1=CC2=C(C=C1)N=C(N2)S(=O)CC1=NC=C(C)C(OC)=C1C,SUBDBMMJDZJVOS-UHFFFAOYSA-N,drugcentral;pubchem,1990;4594,1,vLess-DILI-Concern,0,,1
esomeprazole,COc1ccc2nc([S@@](=O)Cc3ncc(C)c(OC)c3C)[nH]c2c1,COC1=CC=C2N=C(NC2=C1)[S@@](=O)CC1=C(C)C(OC)=C(C)C=N1,SUBDBMMJDZJVOS-DEOSSOPVSA-N,drugcentral;pubchem,1055;9568614,1,vLess-DILI-Concern,0,,1
TRAMADOL,COc1cccc(C2(O)CCCCC2CN(C)C)c1,COc1cccc(C2(O)CCCCC2CN(C)C)c1,TVYLLZQTGLZFBW-UHFFFAOYSA-N,chembl,CHEMBL1237044;CHEMBL1237065,1,vLess-DILI-Concern,0,,1
LETERMOVIR,COc1cccc(N2CCN(C3=Nc4c(F)cccc4[C@H](CC(=O)O)N3c3cc(C(F)(F)F)ccc3OC)CC2)c1,COc1cccc(N2CCN(C3=Nc4c(F)cccc4[C@H](CC(=O)O)N3c3cc(C(F)(F)F)ccc3OC)CC2)c1,FWYSMLBETOMXAG-QHCPKHFHSA-N,chembl;drugcentral;pubchem,CHEMBL1241951;5262;45138674,1,vLess-DILI-Concern,0,,1
DOXORUBICIN,COc1cccc2c1C(=O)c1c(O)c3c(c(O)c1C2=O)C[C@@](O)(C(=O)CO)C[C@@H]3O[C@H]1C[C@H](N)[C@H](O)[C@H](C)O1,COc1cccc2c1C(=O)c1c(O)c3c(c(O)c1C2=O)C[C@@](O)(C(=O)CO)C[C@@H]3O[C@H]1C[C@H](N)[C@H](O)[C@H](C)O1,AOJJSUZBOXZQNB-TZSSRYMLSA-N,chembl;drugcentral;pubchem,CHEMBL53463;CHEMBL359744;960;31703,1,vLess-DILI-Concern,0,,1
CARVEDILOL,COc1ccccc1OCCNCC(O)COc1cccc2[nH]c3ccccc3c12,COc1ccccc1OCCNCC(O)COc1cccc2[nH]c3ccccc3c12,OGHNVEJMJSYVRP-UHFFFAOYSA-N,chembl;drugcentral;pubchem,CHEMBL723;CHEMBL1201167;522;2585,1,vLess-DILI-Concern,0,,1
pantoprazole,COc1ccnc(CS(=O)c2nc3ccc(OC(F)F)cc3[nH]2)c1OC,COC1=CC=NC(CS(=O)C2=NC3=C(N2)C=C(OC(F)F)C=C3)=C1OC,IQPSEEYGBUAQFF-UHFFFAOYSA-N,drugcentral;pubchem,2054;4679,1,vLess-DILI-Concern,0,,1
PANTOPRAZOLE,COc1ccnc(C[S+]([O-])c2nc3cc(OC(F)F)ccc3[nH]2)c1OC,COc1ccnc(C[S+]([O-])c2nc3cc(OC(F)F)ccc3[nH]2)c1OC,IQPSEEYGBUAQFF-UHFFFAOYSA-N,chembl,CHEMBL1502;CHEMBL3989559,1,vLess-DILI-Concern,0,,1
NELARABINE,COc1nc(N)nc2c1ncn2[C@@H]1O[C@H](CO)[C@@H](O)[C@@H]1O,COc1nc(N)nc2c1ncn2[C@@H]1O[C@H](CO)[C@@H](O)[C@@H]1O,IXOXBSCIXZEQEQ-UHTZMRCNSA-N,chembl;drugcentral;pubchem,CHEMBL1201112;1892;3011155,1,vLess-DILI-Concern,0,,1
OCTREOTIDE,C[C@@H](O)[C@@H]1NC(=O)[C@H](CCCCN)NC(=O)[C@@H](Cc2c[nH]c3ccccc23)NC(=O)[C@H](Cc2ccccc2)NC(=O)[C@@H](NC(=O)[C@H](N)Cc2ccccc2)CSSC[C@@H](C(=O)N[C@H](CO)[C@@H](C)O)NC1=O,C[C@@H](O)[C@@H]1NC(=O)[C@H](CCCCN)NC(=O)[C@@H](Cc2c[nH]c3ccccc23)NC(=O)[C@H](Cc2ccccc2)NC(=O)[C@@H](NC(=O)[C@H](N)Cc2ccccc2)CSSC[C@@H](C(=O)N[C@H](CO)[C@@H](C)O)NC1=O,DEQANNDTNATYII-OULOTJBUSA-N,chembl;pubchem,CHEMBL1680;CHEMBL1200480;448601,1,vLess-DILI-Concern,0,,1
MEROPENEM,C[C@@H](O)[C@H]1C(=O)N2C(C(=O)O)=C(S[C@@H]3CN[C@H](C(=O)N(C)C)C3)[C@H](C)[C@H]12,C[C@@H](O)[C@H]1C(=O)N2C(C(=O)O)=C(S[C@@H]3CN[C@H](C(=O)N(C)C)C3)[C@H](C)[C@H]12,DMJNNHOOLUXYBV-PQTSNVLCSA-N,chembl;drugcentral;pubchem,CHEMBL127;1709;441130,1,vLess-DILI-Concern,0,,1
AMPHOTERICIN B,C[C@@H]1[C@H](O)[C@@H](C)/C=C/C=C/C=C/C=C/C=C/C=C/C=C/[C@H](O[C@@H]2O[C@H](C)[C@@H](O)[C@H](N)[C@@H]2O)C[C@@H]2O[C@](O)(C[C@@H](O)C[C@@H](O)[C@H](O)CC[C@@H](O)C[C@@H](O)CC(=O)O[C@H]1C)C[C@H](O)[C@H]2C(=O)O,C[C@@H]1[C@H](O)[C@@H](C)/C=C/C=C/C=C/C=C/C=C/C=C/C=C/[C@H](O[C@@H]2O[C@H](C)[C@@H](O)[C@H](N)[C@@H]2O)C[C@@H]2O[C@](O)(C[C@@H](O)C[C@@H](O)[C@H](O)CC[C@@H](O)C[C@@H](O)CC(=O)O[C@H]1C)C[C@H](O)[C@H]2C(=O)O,APKFDSVGJQXUKY-INPOYWNPSA-N,chembl;drugcentral;pubchem,CHEMBL267345;197;5280965,1,vLess-DILI-Concern,0,,1
CAPTOPRIL,C[C@H](CS)C(=O)N1CCC[C@H]1C(=O)O,C[C@H](CS)C(=O)N1CCC[C@H]1C(=O)O,FAKRSMQSSFJEIM-RQJHMYQMSA-N,chembl;drugcentral;pubchem,CHEMBL1560;484;44093,1,vLess-DILI-Concern,0,,1
METHYLTESTOSTERONE,C[C@]12CCC(=O)C=C1CC[C@@H]1[C@@H]2CC[C@@]2(C)[C@H]1CC[C@]2(C)O,C[C@]12CCC(=O)C=C1CC[C@@H]1[C@@H]2CC[C@@]2(C)[C@H]1CC[C@]2(C)O,GCKMFJBGXUYNAG-HLXURNFRSA-N,chembl;drugcentral;pubchem,CHEMBL1395;3356;6010,1,vLess-DILI-Concern,0,,1
ALOSETRON,Cc1[nH]cnc1CN1CCc2c(c3ccccc3n2C)C1=O,Cc1[nH]cnc1CN1CCc2c(c3ccccc3n2C)C1=O,JSWZEAMFRNKZNL-UHFFFAOYSA-N,chembl;pubchem,CHEMBL1110;CHEMBL1200885;2099,1,vLess-DILI-Concern,0,,1
FLAVOXATE,Cc1c(-c2ccccc2)oc2c(C(=O)OCCN3CCCCC3)cccc2c1=O,Cc1c(-c2ccccc2)oc2c(C(=O)OCCN3CCCCC3)cccc2c1=O,SPIUTQOUKAMGCX-UHFFFAOYSA-N,chembl;drugcentral;pubchem,CHEMBL1493;CHEMBL1200875;1175;3354,1,vLess-DILI-Concern,0,,1
NELFINAVIR,Cc1c(O)cccc1C(=O)N[C@@H](CSc1ccccc1)[C@H](O)CN1C[C@H]2CCCC[C@H]2C[C@H]1C(=O)NC(C)(C)C,Cc1c(O)cccc1C(=O)N[C@@H](CSc1ccccc1)[C@H](O)CN1C[C@H]2CCCC[C@H]2C[C@H]1C(=O)NC(C)(C)C,QAGYKUNXZHXKMR-HKWSIXNMSA-N,chembl;drugcentral;pubchem,CHEMBL584;CHEMBL1205;1893;64143,1,vLess-DILI-Concern,0,,1
lansoprazole,Cc1c(OCC(F)(F)F)ccnc1CS(=O)c1nc2ccccc2[nH]1,CC1=C(CS(=O)C2=NC3=C(N2)C=CC=C3)N=CC=C1OCC(F)(F)F,MJIHNNLFOKEZEW-UHFFFAOYSA-N,drugcentral;pubchem,1547;3883,1,vLess-DILI-Concern,0,,1
LANSOPRAZOLE,Cc1c(OCC(F)(F)F)ccnc1C[S+]([O-])c1nc2ccccc2[nH]1,Cc1c(OCC(F)(F)F)ccnc1C[S+]([O-])c1nc2ccccc2[nH]1,MJIHNNLFOKEZEW-UHFFFAOYSA-N,chembl,CHEMBL480,1,vLess-DILI-Concern,0,,1
DEXLANSOPRAZOLE,Cc1c(OCC(F)(F)F)ccnc1C[S@@+]([O-])c1nc2ccccc2[nH]1,Cc1c(OCC(F)(F)F)ccnc1C[S@@+]([O-])c1nc2ccccc2[nH]1,MJIHNNLFOKEZEW-RUZDIDTESA-N,chembl,CHEMBL1201863,1,vLess-DILI-Concern,0,,1
dexlansoprazole,Cc1c(OCC(F)(F)F)ccnc1C[S@@](=O)c1nc2ccccc2[nH]1,CC1=C(OCC(F)(F)F)C=CN=C1C[S@@](=O)C1=NC2=C(N1)C=CC=C2,MJIHNNLFOKEZEW-RUZDIDTESA-N,drugcentral;pubchem,4162;9578005,1,vLess-DILI-Concern,0,,1
RILPIVIRINE,Cc1cc(/C=C/C#N)cc(C)c1Nc1ccnc(Nc2ccc(C#N)cc2)n1,Cc1cc(/C=C/C#N)cc(C)c1Nc1ccnc(Nc2ccc(C#N)cc2)n1,YIBOMRUWOWDFLG-ONEGZZNKSA-N,chembl;drugcentral;pubchem,CHEMBL175691;CHEMBL1628504;4174;6451164,1,vLess-DILI-Concern,0,,1
METAXALONE,Cc1cc(C)cc(OCC2CNC(=O)O2)c1,Cc1cc(C)cc(OCC2CNC(=O)O2)c1,IMWZZHHPURKASS-UHFFFAOYSA-N,chembl;drugcentral;pubchem,CHEMBL1079604;1722;15459,1,vLess-DILI-Concern,0,,1
OLANZAPINE,Cc1cc2c(s1)Nc1ccccc1N=C2N1CCN(C)CC1,Cc1cc2c(s1)Nc1ccccc1N=C2N1CCN(C)CC1,KVWDHTXUZHCGIO-UHFFFAOYSA-N,chembl;drugcentral;pubchem,CHEMBL715;1982;135398745,1,vLess-DILI-Concern,0,,1
CELECOXIB,Cc1ccc(-c2cc(C(F)(F)F)nn2-c2ccc(S(N)(=O)=O)cc2)cc1,Cc1ccc(-c2cc(C(F)(F)F)nn2-c2ccc(S(N)(=O)=O)cc2)cc1,RZEKVGVHFLEQIL-UHFFFAOYSA-N,chembl;drugcentral;pubchem,CHEMBL118;568;2662,1,vLess-DILI-Concern,0,,1
TOLMETIN,Cc1ccc(C(=O)c2ccc(CC(=O)O)n2C)cc1,Cc1ccc(C(=O)c2ccc(CC(=O)O)n2C)cc1,UPSPUYADGBWSHF-UHFFFAOYSA-N,chembl;drugcentral;pubchem,CHEMBL1020;CHEMBL1200613;2699;5509,1,vLess-DILI-Concern,1,,1
TOLTERODINE,Cc1ccc(O)c([C@H](CCN(C(C)C)C(C)C)c2ccccc2)c1,Cc1ccc(O)c([C@H](CCN(C(C)C)C(C)C)c2ccccc2)c1,OOGJQPCLVADCPB-HXUWFJFHSA-N,chembl;drugcentral;pubchem,CHEMBL1382;CHEMBL1722209;2705;443879,1,vLess-DILI-Concern,0,,1
TOLAZAMIDE,Cc1ccc(S(=O)(=O)NC(=O)NN2CCCCCC2)cc1,Cc1ccc(S(=O)(=O)NC(=O)NN2CCCCCC2)cc1,OUDSBRTVNLOZBN-UHFFFAOYSA-N,chembl;drugcentral;pubchem,CHEMBL817;2694;5503,1,vLess-DILI-Concern,0,,1
VORTIOXETINE,Cc1ccc(Sc2ccccc2N2CCNCC2)c(C)c1,Cc1ccc(Sc2ccccc2N2CCNCC2)c(C)c1,YQNWZWMKLDQSAC-UHFFFAOYSA-N,chembl;drugcentral;pubchem,CHEMBL2104993;CHEMBL2107387;4806;9966051,1,vLess-DILI-Concern,0,,1
MEPIVACAINE,Cc1cccc(C)c1NC(=O)C1CCCCN1C,Cc1cccc(C)c1NC(=O)C1CCCCN1C,INWLQCZOYSRPNW-UHFFFAOYSA-N,chembl;drugcentral;pubchem,CHEMBL1087;CHEMBL1200440;1700;4062,1,vLess-DILI-Concern,0,,1
GLIPIZIDE,Cc1cnc(C(=O)NCCc2ccc(S(=O)(=O)NC(=O)NC3CCCCC3)cc2)cn1,Cc1cnc(C(=O)NCCc2ccc(S(=O)(=O)NC(=O)NC3CCCCC3)cc2)cn1,ZJJXGWJIGJFDTL-UHFFFAOYSA-N,chembl;drugcentral;pubchem,CHEMBL1073;1301;3478,1,vLess-DILI-Concern,0,,1
MELOXICAM,Cc1cnc(NC(=O)C2=C(O)c3ccccc3S(=O)(=O)N2C)s1,Cc1cnc(NC(=O)C2=C(O)c3ccccc3S(=O)(=O)N2C)s1,ZRVUJXDFFKFLMG-UHFFFAOYSA-N,chembl;drugcentral;pubchem,CHEMBL599;1676;54677470,1,vLess-DILI-Concern,0,,1
ALPELISIB,Cc1nc(NC(=O)N2CCC[C@H]2C(N)=O)sc1-c1ccnc(C(C)(C)C(F)(F)F)c1,Cc1nc(NC(=O)N2CCC[C@H]2C(N)=O)sc1-c1ccnc(C(C)(C)C(F)(F)F)c1,STUWGJZDJHPWGZ-LBPRGKRZSA-N,chembl;drugcentral;pubchem,CHEMBL2396661;5328;56649450,1,vLess-DILI-Concern,0,,1
RISPERIDONE,Cc1nc2n(c(=O)c1CCN1CCC(c3noc4cc(F)ccc34)CC1)CCCC2,Cc1nc2n(c(=O)c1CCN1CCC(c3noc4cc(F)ccc34)CC1)CCCC2,RAPZEAPATHNIPO-UHFFFAOYSA-N,chembl;drugcentral;pubchem,CHEMBL85;2389;5073,1,vLess-DILI-Concern,0,,1
PALIPERIDONE,Cc1nc2n(c(=O)c1CCN1CCC(c3noc4cc(F)ccc34)CC1)CCCC2O,Cc1nc2n(c(=O)c1CCN1CCC(c3noc4cc(F)ccc34)CC1)CCCC2O,PMXMIIMHBWHSKN-UHFFFAOYSA-N,chembl;drugcentral;pubchem,CHEMBL1621;4137;115237,1,vLess-DILI-Concern,0,,1
alosetron,Cc1nc[nH]c1CN1CCc2c(c3ccccc3n2C)C1=O,CN1C2=C(C3=C1C=CC=C3)C(=O)N(CC1=C(C)N=CN1)CC2,JSWZEAMFRNKZNL-UHFFFAOYSA-N,drugcentral,129,1,vLess-DILI-Concern,0,,1
METRONIDAZOLE,Cc1ncc([N+](=O)[O-])n1CCO,Cc1ncc([N+](=O)[O-])n1CCO,VAOCPAMSLUNLGC-UHFFFAOYSA-N,chembl;drugcentral;pubchem,CHEMBL137;CHEMBL1200869;1790;4173,1,vLess-DILI-Concern,1,,1
ONDANSETRON,Cc1nccn1CC1CCc2c(c3ccccc3n2C)C1=O,Cc1nccn1CC1CCc2c(c3ccccc3n2C)C1=O,FELGMEQIXOGIFQ-UHFFFAOYSA-N,chembl;drugcentral;pubchem,CHEMBL46;CHEMBL3186492;1992;4595,1,vLess-DILI-Concern,0,,1
CEFAZOLIN,Cc1nnc(SCC2=C(C(=O)O)N3C(=O)[C@@H](NC(=O)Cn4cnnn4)[C@H]3SC2)s1,Cc1nnc(SCC2=C(C(=O)O)N3C(=O)[C@@H](NC(=O)Cn4cnnn4)[C@H]3SC2)s1,MLYYVTUWGNIJIB-BXKDBHETSA-N,chembl;drugcentral;pubchem,CHEMBL1435;CHEMBL1200523;530;33255,1,vLess-DILI-Concern,0,,1
ALPRAZOLAM,Cc1nnc2n1-c1ccc(Cl)cc1C(c1ccccc1)=NC2,Cc1nnc2n1-c1ccc(Cl)cc1C(c1ccccc1)=NC2,VREFGVBLTWBCJP-UHFFFAOYSA-N,chembl;drugcentral;pubchem,CHEMBL661;136;2118,1,vLess-DILI-Concern,0,,1
DICLOXACILLIN,Cc1onc(-c2c(Cl)cccc2Cl)c1C(=O)N[C@@H]1C(=O)N2[C@@H]1SC(C)(C)[C@@H]2C(=O)O,Cc1onc(-c2c(Cl)cccc2Cl)c1C(=O)N[C@@H]1C(=O)N2[C@@H]1SC(C)(C)[C@@H]2C(=O)O,YFAGHNZHGGCZAX-JKIFEVAISA-N,chembl;drugcentral;pubchem,CHEMBL893;CHEMBL1200701;866;18381,1,vLess-DILI-Concern,0,,1
OXACILLIN,Cc1onc(-c2ccccc2)c1C(=O)N[C@@H]1C(=O)N2[C@@H]1SC(C)(C)[C@@H]2C(=O)O,Cc1onc(-c2ccccc2)c1C(=O)N[C@@H]1C(=O)N2[C@@H]1SC(C)(C)[C@@H]2C(=O)O,UWYHMGVUTGAWSP-JKIFEVAISA-N,chembl;drugcentral;pubchem,CHEMBL819;CHEMBL3989567;2006;6196,1,vLess-DILI-Concern,0,,1
CLOXACILLIN,Cc1onc(-c2ccccc2Cl)c1C(=O)N[C@@H]1C(=O)N2[C@@H]1SC(C)(C)[C@@H]2C(=O)O,Cc1onc(-c2ccccc2Cl)c1C(=O)N[C@@H]1C(=O)N2[C@@H]1SC(C)(C)[C@@H]2C(=O)O,LQOLIRLGBULYKD-JKIFEVAISA-N,chembl;drugcentral;pubchem,CHEMBL891;CHEMBL1200388;720;6098,1,vLess-DILI-Concern,0,,1
DESLORATADINE,Clc1ccc2c(c1)CCc1cccnc1C2=C1CCNCC1,Clc1ccc2c(c1)CCc1cccnc1C2=C1CCNCC1,JAUOIFJMECXRGI-UHFFFAOYSA-N,chembl;drugcentral;pubchem,CHEMBL1172;814;124087,1,vLess-DILI-Concern,0,,1
CLOTRIMAZOLE,Clc1ccccc1C(c1ccccc1)(c1ccccc1)n1ccnc1,Clc1ccccc1C(c1ccccc1)(c1ccccc1)n1ccnc1,VNFPBHJOKIVQEB-UHFFFAOYSA-N,chembl;drugcentral;pubchem,CHEMBL104;719;2812,1,vLess-DILI-Concern,0,,1
TEMOZOLOMIDE,Cn1nnc2c(C(N)=O)ncn2c1=O,Cn1nnc2c(C(N)=O)ncn2c1=O,BPEGJWRSRHCHSN-UHFFFAOYSA-N,chembl;drugcentral;pubchem,CHEMBL810;2589;5394,1,vLess-DILI-Concern,0,,1
PAROXETINE,Fc1ccc([C@@H]2CCNC[C@H]2COc2ccc3c(c2)OCO3)cc1,Fc1ccc([C@@H]2CCNC[C@H]2COc2ccc3c(c2)OCO3)cc1,AHOUBRCZNHFOSL-YOEHRIQHSA-N,chembl;drugcentral;pubchem,CHEMBL490;CHEMBL1200609;CHEMBL6067650;2068;43815,1,vLess-DILI-Concern,0,,1
LETROZOLE,N#Cc1ccc(C(c2ccc(C#N)cc2)n2cncn2)cc1,N#Cc1ccc(C(c2ccc(C#N)cc2)n2cncn2)cc1,HPJKCIUCZWXJDR-UHFFFAOYSA-N,chembl;drugcentral;pubchem,CHEMBL1444;1556;3902,1,vLess-DILI-Concern,1,,1
AMILORIDE,N=C(N)NC(=O)c1nc(Cl)c(N)nc1N,N=C(N)NC(=O)c1nc(Cl)c(N)nc1N,XSDQTOBWRPYKKA-UHFFFAOYSA-N,chembl;drugcentral,CHEMBL945;CHEMBL1398126;158,1,vLess-DILI-Concern,0,,1
famotidine,N=C(N)Nc1nc(CSCCC(=N)NS(N)(=O)=O)cs1,NC(=N)NC1=NC(CSCCC(=N)NS(N)(=O)=O)=CS1,XUFQPHANEAPEMJ-UHFFFAOYSA-N,drugcentral,1129,1,vLess-DILI-Concern,0,,1
modafinil,NC(=O)CS(=O)C(c1ccccc1)c1ccccc1,NC(=O)CS(=O)C(C1=CC=CC=C1)C1=CC=CC=C1,YFGHCGITMMYXAQ-UHFFFAOYSA-N,drugcentral;pubchem,1826;4236,1,vLess-DILI-Concern,0,,1
MODAFINIL,NC(=O)C[S+]([O-])C(c1ccccc1)c1ccccc1,NC(=O)C[S+]([O-])C(c1ccccc1)c1ccccc1,YFGHCGITMMYXAQ-UHFFFAOYSA-N,chembl,CHEMBL1373,1,vLess-DILI-Concern,0,,1
OXCARBAZEPINE,NC(=O)N1c2ccccc2CC(=O)c2ccccc21,NC(=O)N1c2ccccc2CC(=O)c2ccccc21,CTRLABGOLIVAIY-UHFFFAOYSA-N,chembl;drugcentral;pubchem,CHEMBL1068;2017;34312,1,vLess-DILI-Concern,0,,1
PYRAZINAMIDE,NC(=O)c1cnccn1,NC(=O)c1cnccn1,IPEHBUMCGVEMRF-UHFFFAOYSA-N,chembl;drugcentral;pubchem,CHEMBL614;2328;1046,1,vLess-DILI-Concern,0,,1
RIBAVIRIN,NC(=O)c1ncn([C@@H]2O[C@H](CO)[C@@H](O)[C@H]2O)n1,NC(=O)c1ncn([C@@H]2O[C@H](CO)[C@@H](O)[C@H]2O)n1,IWUCXVSUMQZMFG-AFCXAGJDSA-N,chembl;drugcentral;pubchem,CHEMBL1643;2373;37542,1,vLess-DILI-Concern,0,,1
FOSFOMYCIN TROMETHAMINE,NC(CO)(CO)CO,C[C@@H]1O[C@@H]1P(=O)(O)O.NC(CO)(CO)CO,LENZDBCJOHFCAS-UHFFFAOYSA-N,chembl;drugcentral;pubchem,CHEMBL1200331;CHEMBL1200391;2771;6503,1,vLess-DILI-Concern,0,,1
Amiloride,NC(N)=NC(=O)c1nc(Cl)c(N)nc1N,C1(=C(N=C(C(=N1)Cl)N)N)C(=O)N=C(N)N,XSDQTOBWRPYKKA-UHFFFAOYSA-N,pubchem,16231,1,vLess-DILI-Concern,0,,1
FAMOTIDINE,NC(N)=Nc1nc(CSCC/C(N)=N/S(N)(=O)=O)cs1,NC(N)=Nc1nc(CSCC/C(N)=N/S(N)(=O)=O)cs1,XUFQPHANEAPEMJ-UHFFFAOYSA-N,chembl,CHEMBL902,1,vLess-DILI-Concern,0,,1
Gastro,NC(N)=Nc1nc(CSCCC(N)=NS(N)(=O)=O)cs1,C1=C(N=C(S1)N=C(N)N)CSCCC(=NS(=O)(=O)N)N,XUFQPHANEAPEMJ-UHFFFAOYSA-N,pubchem,3325,1,vLess-DILI-Concern,0,,1
Tranylcypromine,NC1CC1c1ccccc1,C1C(C1N)C2=CC=CC=C2,AELCINSCMGFISI-UHFFFAOYSA-N,pubchem,5530,1,vLess-DILI-Concern,0,,1
BACLOFEN,NCC(CC(=O)O)c1ccc(Cl)cc1,NCC(CC(=O)O)c1ccc(Cl)cc1,KPYSYYIEGFHWSV-UHFFFAOYSA-N,chembl;drugcentral;pubchem,CHEMBL701;282;2284,1,vLess-DILI-Concern,0,,1
GABAPENTIN,NCC1(CC(=O)O)CCCCC1,NCC1(CC(=O)O)CCCCC1,UGJMXCAKCUNAIE-UHFFFAOYSA-N,chembl;drugcentral;pubchem,CHEMBL940;1264;3446,1,vLess-DILI-Concern,0,,1
ALENDRONATE SODIUM,NCCCC(O)(P(=O)(O)O)P(=O)(O)O,NCCCC(O)(P(=O)([O-])O)P(=O)(O)O.[Na+],OGSPWJRAVKPPFI-UHFFFAOYSA-N,chembl;drugcentral;pubchem,CHEMBL675;CHEMBL870;112;2088,1,vLess-DILI-Concern,0,,1
LISINOPRIL,NCCCC[C@H](N[C@@H](CCc1ccccc1)C(=O)O)C(=O)N1CCC[C@H]1C(=O)O,NCCCC[C@H](N[C@@H](CCc1ccccc1)C(=O)O)C(=O)N1CCC[C@H]1C(=O)O.O.O,RLAWWYSOJDYHDC-BZSNNMDCSA-N,chembl;drugcentral;pubchem,CHEMBL419213;CHEMBL1237;1587;5362119,1,vLess-DILI-Concern,0,,1
PHENELZINE,NNCCc1ccccc1,NNCCc1ccccc1,RMUCZJUITONUFY-UHFFFAOYSA-N,chembl;drugcentral;pubchem,CHEMBL1089;CHEMBL1200895;2123;3675,1,vLess-DILI-Concern,0,,1
HYDRALAZINE,NNc1nncc2ccccc12,NNc1nncc2ccccc12,RPTUSVTUFVMDQK-UHFFFAOYSA-N,chembl;drugcentral;pubchem,CHEMBL276832;CHEMBL542541;1384;3637,1,vLess-DILI-Concern,0,,1
ZONISAMIDE,NS(=O)(=O)Cc1noc2ccccc12,NS(=O)(=O)Cc1noc2ccccc12,UBQNRHZMVUUOMG-UHFFFAOYSA-N,chembl;drugcentral;pubchem,CHEMBL750;2872;5734,1,vLess-DILI-Concern,1,,1
BENDROFLUMETHIAZIDE,NS(=O)(=O)c1cc2c(cc1C(F)(F)F)NC(Cc1ccccc1)NS2(=O)=O,NS(=O)(=O)c1cc2c(cc1C(F)(F)F)NC(Cc1ccccc1)NS2(=O)=O,HDWIHXWEUNVBIY-UHFFFAOYSA-N,chembl;drugcentral;pubchem,CHEMBL1684;305;2315,1,vLess-DILI-Concern,0,,1
CHLOROTHIAZIDE,NS(=O)(=O)c1cc2c(cc1Cl)N=CNS2(=O)=O,NS(=O)(=O)c1cc2c(cc1Cl)N=CNS2(=O)=O,JBMKAUGHUNFTOL-UHFFFAOYSA-N,chembl;drugcentral,CHEMBL842;CHEMBL1200616;609,1,vLess-DILI-Concern,0,,1
Chlorothiazide,NS(=O)(=O)c1cc2c(cc1Cl)NC=NS2(=O)=O,C1=C2C(=CC(=C1Cl)S(=O)(=O)N)S(=O)(=O)N=CN2,JBMKAUGHUNFTOL-UHFFFAOYSA-N,pubchem,2720,1,vLess-DILI-Concern,0,,1
HYDROCHLOROTHIAZIDE,NS(=O)(=O)c1cc2c(cc1Cl)NCNS2(=O)=O,NS(=O)(=O)c1cc2c(cc1Cl)NCNS2(=O)=O,JZUFKLXOESDKRF-UHFFFAOYSA-N,chembl;drugcentral;pubchem,CHEMBL435;1385;3639,1,vLess-DILI-Concern,1,,1
SITAGLIPTIN,N[C@@H](CC(=O)N1CCn2c(nnc2C(F)(F)F)C1)Cc1cc(F)c(F)cc1F,N[C@@H](CC(=O)N1CCn2c(nnc2C(F)(F)F)C1)Cc1cc(F)c(F)cc1F,MFFMDFFZMYYVKS-SECBINFHSA-N,chembl;drugcentral;pubchem,CHEMBL1422;CHEMBL1201174;CHEMBL5315049;CHEMBL6068334;2448;4369359,1,vLess-DILI-Concern,0,,1
LEVOTHYROXINE,N[C@@H](Cc1cc(I)c(Oc2cc(I)c(O)c(I)c2)c(I)c1)C(=O)O,N[C@@H](Cc1cc(I)c(Oc2cc(I)c(O)c(I)c2)c(I)c1)C(=O)O,XUIIKFGFIJCVMT-LBPRGKRZSA-N,chembl;drugcentral;pubchem,CHEMBL1624;CHEMBL2103741;2646;5819;71371,1,vLess-DILI-Concern,0,,1
MELPHALAN,N[C@@H](Cc1ccc(N(CCCl)CCCl)cc1)C(=O)O,N[C@@H](Cc1ccc(N(CCCl)CCCl)cc1)C(=O)O,SGDBTWWWUNNDEQ-LBPRGKRZSA-N,chembl;drugcentral;pubchem,CHEMBL852;CHEMBL1200863;1678;460612,1,vLess-DILI-Concern,0,,1
MESALAMINE,Nc1ccc(O)c(C(=O)O)c1,Nc1ccc(O)c(C(=O)O)c1,KBOPZPXVLCULAV-UHFFFAOYSA-N,chembl;drugcentral;pubchem,CHEMBL704;1710;4075,1,vLess-DILI-Concern,0,,1
SULFADIAZINE,Nc1ccc(S(=O)(=O)Nc2ncccn2)cc1,Nc1ccc(S(=O)(=O)Nc2ncccn2)cc1,SEEPANYCNGTZFQ-UHFFFAOYSA-N,chembl;drugcentral;pubchem,CHEMBL439;CHEMBL1200351;CHEMBL1382627;2500;5215;441244,1,vLess-DILI-Concern,0,,1
DAPSONE,Nc1ccc(S(=O)(=O)c2ccc(N)cc2)cc1,Nc1ccc(S(=O)(=O)c2ccc(N)cc2)cc1,MQJKPEGWNLWLTK-UHFFFAOYSA-N,chembl;drugcentral;pubchem,CHEMBL1043;782;2955,1,vLess-DILI-Concern,0,,1
LENALIDOMIDE,Nc1cccc2c1CN(C1CCC(=O)NC1=O)C2=O,Nc1cccc2c1CN(C1CCC(=O)NC1=O)C2=O,GOTYRUGSSMKFNF-UHFFFAOYSA-N,chembl;drugcentral;pubchem,CHEMBL848;CHEMBL6068337;3317;216326,1,vLess-DILI-Concern,0,,1
LAMIVUDINE,Nc1ccn([C@@H]2CS[C@H](CO)O2)c(=O)n1,Nc1ccn([C@@H]2CS[C@H](CO)O2)c(=O)n1,JTEGQNOMFQHVDC-NKWVEPMBSA-N,chembl;drugcentral;pubchem,CHEMBL141;1539;60825,1,vLess-DILI-Concern,0,,1
Thioguanine,Nc1nc(=S)c2[nH]cnc2[nH]1,C1=NC2=C(N1)C(=S)N=C(N2)N,WYWHKKSPHMUBEB-UHFFFAOYSA-N,pubchem,2723601,1,vLess-DILI-Concern,1,,1
CLADRIBINE,Nc1nc(Cl)nc2c1ncn2[C@H]1C[C@H](O)[C@@H](CO)O1,Nc1nc(Cl)nc2c1ncn2[C@H]1C[C@H](O)[C@@H](CO)O1,PTOAARAWEBMLNO-KVQBGUIXSA-N,chembl;drugcentral;pubchem,CHEMBL1619;667;20279,1,vLess-DILI-Concern,0,,1
TRIAMTERENE,Nc1nc(N)c2nc(-c3ccccc3)c(N)nc2n1,Nc1nc(N)c2nc(-c3ccccc3)c(N)nc2n1,FNYLWPVRPXGIIP-UHFFFAOYSA-N,chembl;drugcentral;pubchem,CHEMBL585;2728;5546,1,vLess-DILI-Concern,0,,1
ACYCLOVIR SODIUM,Nc1nc(O)c2ncn(COCCO)c2n1,Nc1nc([O-])c2ncn(COCCO)c2n1.[Na+],MKUXAQIIEYXACX-UHFFFAOYSA-N,chembl,CHEMBL1200380,1,vLess-DILI-Concern,0,,1
THIOGUANINE,Nc1nc2[nH]cnc2c(=S)[nH]1,Nc1nc2[nH]cnc2c(=S)[nH]1,WYWHKKSPHMUBEB-UHFFFAOYSA-N,chembl,CHEMBL727,1,vLess-DILI-Concern,1,,1
ACYCLOVIR,Nc1nc2c(ncn2COCCO)c(=O)[nH]1,Nc1nc2c(ncn2COCCO)c(=O)[nH]1,MKUXAQIIEYXACX-UHFFFAOYSA-N,chembl;drugcentral;pubchem,CHEMBL184;85;135398513,1,vLess-DILI-Concern,0,,1
thioguanine,Nc1nc2nc[nH]c2c(=S)[nH]1,NC1=NC2=C(NC=N2)C(=S)N1,WYWHKKSPHMUBEB-UHFFFAOYSA-N,drugcentral,2632,1,vLess-DILI-Concern,1,,1
FLECAINIDE,O=C(NCC1CCCCN1)c1cc(OCC(F)(F)F)ccc1OCC(F)(F)F,O=C(NCC1CCCCN1)c1cc(OCC(F)(F)F)ccc1OCC(F)(F)F,DJBNUMBKLMJRSA-UHFFFAOYSA-N,chembl;drugcentral;pubchem,CHEMBL652;CHEMBL1200822;1176;3356,1,vLess-DILI-Concern,0,,1
RIVAROXABAN,O=C(NC[C@H]1CN(c2ccc(N3CCOCC3=O)cc2)C(=O)O1)c1ccc(Cl)s1,O=C(NC[C@H]1CN(c2ccc(N3CCOCC3=O)cc2)C(=O)O1)c1ccc(Cl)s1,KGFYHTZWPPHNLQ-AWEZNQCLSA-N,chembl;drugcentral;pubchem,CHEMBL198362;4182;9875401,1,vLess-DILI-Concern,0,,1
CHLORAMBUCIL,O=C(O)CCCc1ccc(N(CCCl)CCCl)cc1,O=C(O)CCCc1ccc(N(CCCl)CCCl)cc1,JCKYGMPEJWAADB-UHFFFAOYSA-N,chembl;drugcentral;pubchem,CHEMBL515;588;2708,1,vLess-DILI-Concern,0,,1
OXAPROZIN,O=C(O)CCc1nc(-c2ccccc2)c(-c2ccccc2)o1,O=C(O)CCc1nc(-c2ccccc2)c(-c2ccccc2)o1,OFPXSFXSNFPTHF-UHFFFAOYSA-N,chembl;drugcentral;pubchem,CHEMBL1071;CHEMBL1200463;2013;4614,1,vLess-DILI-Concern,1,,1
aceclofenac,O=C(O)COC(=O)Cc1ccccc1Nc1c(Cl)cccc1Cl,OC(=O)COC(=O)CC1=C(NC2=C(Cl)C=CC=C2Cl)C=CC=C1,MNIPYSSQXLZQLJ-UHFFFAOYSA-N,drugcentral;pubchem,43;71771,1,vLess-DILI-Concern,0,,1
CETIRIZINE,O=C(O)COCCN1CCN(C(c2ccccc2)c2ccc(Cl)cc2)CC1,O=C(O)COCCN1CCN(C(c2ccccc2)c2ccc(Cl)cc2)CC1,ZKLPARSLTMPFCP-UHFFFAOYSA-N,chembl;drugcentral;pubchem,CHEMBL1000;CHEMBL1607273;581;2678,1,vLess-DILI-Concern,0,,1
LEVOCETIRIZINE DIHYDROCHLORIDE,O=C(O)COCCN1CCN([C@H](c2ccccc2)c2ccc(Cl)cc2)CC1,Cl.Cl.O=C(O)COCCN1CCN([C@H](c2ccccc2)c2ccc(Cl)cc2)CC1,ZKLPARSLTMPFCP-OAQYLSRUSA-N,chembl;drugcentral;pubchem,CHEMBL1201190;CHEMBL1201191;1566;1549000,1,vLess-DILI-Concern,0,,1
SUCCIMER,O=C(O)[C@@H](S)[C@@H](S)C(=O)O,O=C(O)[C@@H](S)[C@@H](S)C(=O)O,ACTRVOBWPAIOHC-XIXRPRMCSA-N,chembl;drugcentral;pubchem,CHEMBL1201073;2486;2724354,1,vLess-DILI-Concern,0,,1
OLSALAZINE,O=C(O)c1cc(/N=N/c2ccc(O)c(C(=O)O)c2)ccc1O,O=C(O)c1cc(/N=N/c2ccc(O)c(C(=O)O)c2)ccc1O,QQBDLJCYGRGAKP-FOCLMDBBSA-N,chembl,CHEMBL425;CHEMBL1201013,1,vLess-DILI-Concern,0,,1
salsalate,O=C(Oc1ccccc1C(=O)O)c1ccccc1O,OC(=O)C1=C(OC(=O)C2=C(O)C=CC=C2)C=CC=C1,WVYADZUPLLSGPU-UHFFFAOYSA-N,drugcentral;pubchem,2420;5161,1,vLess-DILI-Concern,0,,1
OLAPARIB,O=C(c1cc(Cc2n[nH]c(=O)c3ccccc23)ccc1F)N1CCN(C(=O)C2CC2)CC1,O=C(c1cc(Cc2n[nH]c(=O)c3ccccc23)ccc1F)N1CCN(C(=O)C2CC2)CC1,FDLYAMZZIXQODN-UHFFFAOYSA-N,chembl;drugcentral;pubchem,CHEMBL521686;4907;23725625,1,vLess-DILI-Concern,0,,1
RALOXIFENE,O=C(c1ccc(OCCN2CCCCC2)cc1)c1c(-c2ccc(O)cc2)sc2cc(O)ccc12,O=C(c1ccc(OCCN2CCCCC2)cc1)c1c(-c2ccc(O)cc2)sc2cc(O)ccc12,GZUITABIAKMVPG-UHFFFAOYSA-N,chembl;drugcentral;pubchem,CHEMBL81;CHEMBL1116;2351;5035,1,vLess-DILI-Concern,0,,1
N-(2-ferrocenylethyl)maleimide,O=C1C=CC(=O)N1CCc1cccc1,[CH-]1[CH-][CH-][CH-][CH-]1.C1=C[C-](C=C1)CCN2C(=O)C=CC2=O.[Fe],,pubchem,11986118,1,vLess-DILI-Concern,0,,1
ARIPIPRAZOLE,O=C1CCc2ccc(OCCCCN3CCN(c4cccc(Cl)c4Cl)CC3)cc2N1,O=C1CCc2ccc(OCCCCN3CCN(c4cccc(Cl)c4Cl)CC3)cc2N1,CEUORZQYGODEFX-UHFFFAOYSA-N,chembl;drugcentral;pubchem,CHEMBL1112;242;60795,1,vLess-DILI-Concern,0,,1
CLONAZEPAM,O=C1CN=C(c2ccccc2Cl)c2cc([N+](=O)[O-])ccc2N1,O=C1CN=C(c2ccccc2Cl)c2cc([N+](=O)[O-])ccc2N1,DGBIGWXXNGSACT-UHFFFAOYSA-N,chembl;drugcentral;pubchem,CHEMBL452;703;2802,1,vLess-DILI-Concern,0,,1
ZIPRASIDONE,O=C1Cc2cc(CCN3CCN(c4nsc5ccccc45)CC3)c(Cl)cc2N1,O=C1Cc2cc(CCN3CCN(c4nsc5ccccc45)CC3)c(Cl)cc2N1,MVWVFYHBGMAFLY-UHFFFAOYSA-N,chembl;drugcentral;pubchem,CHEMBL708;CHEMBL1375743;CHEMBL3989833;2865;60854,1,vLess-DILI-Concern,0,,1
LORAZEPAM,O=C1Nc2ccc(Cl)cc2C(c2ccccc2Cl)=NC1O,O=C1Nc2ccc(Cl)cc2C(c2ccccc2Cl)=NC1O,DIWRORZWFLOCLC-UHFFFAOYSA-N,chembl;drugcentral;pubchem,CHEMBL580;1606;3958,1,vLess-DILI-Concern,0,,1
EZETIMIBE,O=C1[C@H](CC[C@H](O)c2ccc(F)cc2)[C@@H](c2ccc(O)cc2)N1c1ccc(F)cc1,O=C1[C@H](CC[C@H](O)c2ccc(F)cc2)[C@@H](c2ccc(O)cc2)N1c1ccc(F)cc1,OLNTVTPDXPETLC-XPWALMASSA-N,chembl;drugcentral;pubchem,CHEMBL1138;1125;150311,1,vLess-DILI-Concern,0,,1
MITOXANTRONE,O=C1c2c(O)ccc(O)c2C(=O)c2c(NCCNCCO)ccc(NCCNCCO)c21,O=C1c2c(O)ccc(O)c2C(=O)c2c(NCCNCCO)ccc(NCCNCCO)c21,KKZJGLLVHKMTCM-UHFFFAOYSA-N,chembl;drugcentral;pubchem,CHEMBL58;CHEMBL1417019;1821;4212,1,vLess-DILI-Concern,1,,1
LOMUSTINE,O=NN(CCCl)C(=O)NC1CCCCC1,O=NN(CCCl)C(=O)NC1CCCCC1,GQYIWUVLTXOXAJ-UHFFFAOYSA-N,chembl;drugcentral;pubchem,CHEMBL514;1596;3950,1,vLess-DILI-Concern,0,,1
IFOSFAMIDE,O=P1(NCCCl)OCCCN1CCCl,O=P1(NCCCl)OCCCN1CCCl,HOMGKSMUEGBAAB-UHFFFAOYSA-N,chembl;drugcentral;pubchem,CHEMBL1024;1421;3690,1,vLess-DILI-Concern,0,,1
FLUOROURACIL,O=c1[nH]cc(F)c(=O)[nH]1,O=c1[nH]cc(F)c(=O)[nH]1,GHASVSINZRGABV-UHFFFAOYSA-N,chembl;drugcentral;pubchem,CHEMBL185;26;3385,1,vLess-DILI-Concern,0,,1
TRAZODONE,O=c1n(CCCN2CCN(c3cccc(Cl)c3)CC2)nc2ccccn12,O=c1n(CCCN2CCN(c3cccc(Cl)c3)CC2)nc2ccccn12,PHLBKPHSAVXXEF-UHFFFAOYSA-N,chembl;drugcentral;pubchem,CHEMBL621;CHEMBL1200798;2717;5533,1,vLess-DILI-Concern,1,,1
MEFLOQUINE,OC(c1cc(C(F)(F)F)nc2c(C(F)(F)F)cccc12)C1CCCCN1,OC(c1cc(C(F)(F)F)nc2c(C(F)(F)F)cccc12)C1CCCCN1,XEEQGYMUWCZPDN-UHFFFAOYSA-N,chembl;pubchem,CHEMBL416956;CHEMBL535650;4046,1,vLess-DILI-Concern,0,,1
PERPHENAZINE,OCCN1CCN(CCCN2c3ccccc3Sc3ccc(Cl)cc32)CC1,OCCN1CCN(CCCN2c3ccccc3Sc3ccc(Cl)cc32)CC1,RGCVKNLCSQQDEP-UHFFFAOYSA-N,chembl;drugcentral;pubchem,CHEMBL567;2113;4748,1,vLess-DILI-Concern,0,,1
QUETIAPINE,OCCOCCN1CCN(C2=Nc3ccccc3Sc3ccccc32)CC1,OCCOCCN1CCN(C2=Nc3ccccc3Sc3ccccc32)CC1,URKOMYMAXPYINW-UHFFFAOYSA-N,chembl;drugcentral;pubchem,CHEMBL716;CHEMBL3188993;2337;5002,1,vLess-DILI-Concern,0,,1
THIOTEPA,S=P(N1CC1)(N1CC1)N1CC1,S=P(N1CC1)(N1CC1)N1CC1,FOCVUCIESVLUNU-UHFFFAOYSA-N,chembl;drugcentral;pubchem,CHEMBL671;2638;5453,1,vLess-DILI-Concern,0,,1
VARENICLINE,c1cnc2cc3c(cc2n1)[C@@H]1CNC[C@H]3C1,c1cnc2cc3c(cc2n1)[C@@H]1CNC[C@H]3C1,JQSHBVHOMNKWFT-DTORHVGOSA-N,chembl;drugcentral,CHEMBL1076903;CHEMBL6067972;2808,1,vLess-DILI-Concern,0,,1
