smiles,label,inchi_key,source_label
O=c1c(C2=NS(=O)(=O)c3ccccc3N2)c(O)c2cc(F)ccc2n1CCC1CC1,0,QEMCDXCXSVPAAB-UHFFFAOYSA-N,marketed_clean
COc1cc2c(cc1O)CCN[C@]21CS[C@@H]2c3c(OC(C)=O)c(C)c4c(c3[C@H](COC1=O)N1[C@@H]2[C@H]2c3c(cc(C)c(OC)c3O)C[C@@H]([C@@H]1O)N2C)OCO4,0,PKVRCIRHQMSYJX-AIFWHQITSA-N,marketed_clean
C[N+]1(CC2CC2)CC[C@]23c4c5ccc(O)c4O[C@H]2C(=O)CC[C@@]3(O)[C@H]1C5,0,JVLBPIPGETUEET-GAAHOAFPSA-O,marketed_clean
NCCCN1CCN(CCCNC(=O)c2cc(O[C@@H]3O[C@H](CO)[C@H](O)[C@H](O)[C@H]3O)cc([N+](=O)[O-])c2)CC1,0,UEIGEWJJVQHIAX-DLBZZEGUSA-N,marketed_clean
CCn1nccc1-c1c[nH]c2ncc(-c3ccc(N)c(C(=O)N(C)C)c3)cc12,0,INAGORZAOFUKOZ-UHFFFAOYSA-N,marketed_clean
O=C(O)c1cc(=O)c2c(Cl)cc(Cl)cc2[nH]1,0,BGKFPRIGXAVYNX-UHFFFAOYSA-N,marketed_clean
CCC[C@@H](N(NC(=O)c1cccc(OC)c1CC)C(=O)c1cc(C)cc(C)c1)C(C)(C)C,0,LZWZPGLVHLSWQX-XMMPIXPASA-N,marketed_clean
C[C@H]1[C@H](NC(=O)/C(=N\OC(C)(C)C(=O)O)c2csc(N)n2)C(=O)N1S(=O)(=O)O,0,WZPBZJONDBGPKJ-VEHQQRBSSA-N,marketed_clean
CCCN1CCC(c2cccc(S(C)(=O)=O)c2)CC1,0,YGKUEOZJFIXDGI-UHFFFAOYSA-N,marketed_clean
C[C@@H]([C@H](N)C(=O)N[C@H](C(=O)O)[C@H]1O[C@@H](n2ccc(=O)[nH]c2=O)[C@H](O)[C@@H]1O)[C@H](O)c1ccc(O)cn1,0,WWJFFVUVFNBJTN-VHDFTHOZSA-N,marketed_clean
O=C(NCCCS)[C@@H]1CN(Cc2ccc(F)cc2)CCN1,0,OYTFYWWLBPDTNS-AWEZNQCLSA-N,marketed_clean
CC12C=CC(C(=O)O[C@H]3CC[C@H]4[C@@H]5CCC6=CC(=O)CC[C@@H]6[C@H]5CC[C@]34C)(CC1)CC2,0,REACBNMPQDINOF-YBBIQVIJSA-N,marketed_clean
O=C1N(Cc2ccccc2)C2C[S+]3CCCC3C2N1Cc1ccccc1,0,CHQOEHPMXSHGCL-UHFFFAOYSA-N,marketed_clean
CSSC[C@H](N)C(=O)O,0,PYFNLWPQPNXHCS-VKHMYHEASA-N,marketed_clean
COc1ccc(-c2nc3cc(C4=NNC(=O)CC4C)ccc3[nH]2)cc1,0,GLBJJMFZWDBELO-UHFFFAOYSA-N,marketed_clean
CCCC(CCC)C(=O)O.CCCC(CCC)C(=O)[O-].[Na+],1,MSRILKIQRXUYCT-UHFFFAOYSA-M,tdc
CCN(CC)C(=O)c1c(NC(=O)c2cccs2)sc2c1C[C@H](C)CC2,0,UQKSYQYWUHUIEH-GFCCVEGCSA-N,marketed_clean
O=C(CO)[C@H](O)[C@@H](O)COP(=O)(O)O,0,FNZLKVNUWIIPSJ-WHFBIAKZSA-N,marketed_clean
CO/N=C(\C(=O)N[C@@H]1C(=O)N2C(C(=O)OC(C)OC(C)=O)=C(COC(N)=O)CS[C@H]12)c1ccco1,0,KEJCWVGMRLCZQQ-YJBYXUATSA-N,marketed_clean
O=c1nc[nH]c2c1ncn2C1CCC(CO)O1,1,BXZVVICBKDXVGW-UHFFFAOYSA-N,tdc
O=c1[nH]cc(N(CCCl)CCCl)c(=O)[nH]1,1,IDPUKCWIGUEADI-UHFFFAOYSA-N,tdc
Cc1ccc(-n2[nH]c(C)c(NN=C3C=CC=C(c4cccc(C(=O)O)c4)C3=O)c2=O)cc1C.NCCO.NCCO,1,TYYXAUPVEKKAFG-UHFFFAOYSA-N,tdc
O=C(CCBr)N1CCN(C(=O)CCBr)CC1,0,NJBFOOCLYDNZJN-UHFFFAOYSA-N,marketed_clean
CN(C)CCC=C1c2ccccc2CCc2ccccc21,0,KRMDCWKBEZIMAB-UHFFFAOYSA-N,tdc
CC(C)C[C@H](NC(=O)[C@H](CCCCN)NC(=O)CNC(=O)[C@H](CC(C)C)NC(=O)[C@@H](NC(=O)C1CCCCCC(=O)N[C@@H](CO)C(=O)N[C@@H](CC(N)=O)C(=O)N[C@@H](CC(C)C)C(=O)N[C@@H](CO)C(=O)N[C@@H]([C@@H](C)O)C(=O)N1)C(C)C)C(=O)N[C@@H](CO)C(=O)N[C@@H](CCC(N)=O)C(=O)N[C@@H](CCC(=O)O)C(=O)N[C@@H](CC(C)C)C(=O)N[C@@H](Cc1c[nH]cn1)C(=O)N[C@@H](CCCCN)C(=O)N[C@@H](CC(C)C)C(=O)N[C@@H](CCC(N)=O)C(=O)N[C@H](C(=O)N[C@@H](Cc1ccc(O)cc1)C(=O)N1CCC[C@H]1C(=O)N[C@@H](CCCNC(=N)N)C(=O)N[C@H](C(=O)N[C@@H](CC(=O)O)C(=O)N[C@H](C(=O)NCC(=O)N[C@@H](C)C(=O)NCC(=O)N[C@H](C(=O)N1CCC[C@H]1C(N)=O)[C@@H](C)O)C(C)C)[C@@H](C)O)[C@@H](C)O,0,DDPFHDCZUJFNAT-KPZHSHELSA-N,marketed_clean
CO/N=C(\C(=O)N[C@@H]1C(=O)N2C(C(=O)O)=C(CSc3nnnn3C)CS[C@H]12)c1csc(N)n1,0,HJJDBAOLQAWBMH-YCRCPZNHSA-N,marketed_clean
CNC(C)Cc1ccc2c(c1)OCO2,0,SHXWCVYOXRDMCX-UHFFFAOYSA-N,marketed_clean
Cc1c(Cl)cccc1Nc1ncccc1C(=O)O,0,CLOMYZFHNHFSIQ-UHFFFAOYSA-N,marketed_clean
Cc1cc(NS(=O)(=O)c2ccc(N)cc2)no1,1,JLKIGFTWXXRPMT-UHFFFAOYSA-N,tdc
CCC(=O)N(c1ccccc1)C1(COC)CCN(CCn2nnn(CC)c2=O)CC1,0,IDBPHNDTYPBSNI-UHFFFAOYSA-N,marketed_clean
CCCCCCCCCCCC(CC1OC(=O)C1CCCCCC)OC(=O)C(CC(C)C)NC=O,1,AHLBNYSZXLDEJQ-UHFFFAOYSA-N,tdc
CN1CCC(=C2c3ccccc3C=Cc3ccccc32)CC1,1,JJCFRYNCJDLXIK-UHFFFAOYSA-N,tdc
CCO[C@@H](Cc1ccc(OCCN2c3ccccc3Oc3ccccc32)cc1)C(=O)O,0,WMUIIGVAWPWQAW-DEOSSOPVSA-N,marketed_clean
CC(C)=CCC/C(C)=C/CO,0,GLZPCOQZEFWAFX-JXMROGBWSA-N,marketed_clean
c1cn2cnc3nc[nH]c3c2n1,0,OGVOXGPIHFKUGM-UHFFFAOYSA-N,marketed_clean
CC#C[C@]1(O)CC[C@H]2[C@@H]3C[C@H](C)C4=CC(=O)CC[C@]4(C)[C@H]3CC[C@@]21C,0,LVHOURKCKUYIGK-RGUJTQARSA-N,marketed_clean
Cn1cncc1[C@@](N)(c1ccc(Cl)cc1)c1ccc2c(c1)c(-c1cccc(Cl)c1)cc(=O)n2C,0,PLHJCIYEEKOWNM-HHHXNRCGSA-N,marketed_clean
CN(C)Cc1ccc(CSCCNC(=C[N+](=O)[O-])NCc2ccc3c(c2)OCO3)o1,1,HXRSXEDVVARPHP-UHFFFAOYSA-N,tdc
C=C1c2cccc(O)c2C(O)=C2C(=O)C3(O)C(O)=C(C(N)=O)C(=O)C(N(C)C)C3C(O)C12,1,XIYOPDCBBDCGOE-UHFFFAOYSA-N,tdc
CC(C)(C)c1ccc(C(O)CCCN2CCC(C(O)(c3ccccc3)c3ccccc3)CC2)cc1,0,GUGOEEXESWIERI-UHFFFAOYSA-N,tdc
CN(CCO)c1nc2c(c(=O)n(C)c(=O)n2C)n1C,0,ZGNRRVAPHPANFI-UHFFFAOYSA-N,marketed_clean
COCC1CN=C(c2ccccc2Cl)c2cc(Br)ccc2N1C,0,WABYCCJHARSRBH-UHFFFAOYSA-N,marketed_clean
O=P(O)(O)OC1[C@@H](O)[C@H](O)C(O)[C@H](O)[C@@H]1O,0,INAPMGSXUVUWAF-LXOASSSBSA-N,marketed_clean
NC(=O)C[C@H](N)C(=O)O,0,DCXYFEDJOCDNAF-REOHCLBHSA-N,marketed_clean
CCCCO[C@@H]1CCC[C@@H]2C1=C(C(=O)O)N[C@@H]2[C@H](C=O)CC,0,WRBRCIHZCYLBFW-KYEXWDHISA-N,marketed_clean
COC1=CC(=O)C[C@@H](C)[C@]12Oc1c(Cl)c(OC)cc(OC)c1C2=O,0,DDUHZTYCFQRHIY-RBHXEPJQSA-N,marketed_clean
Nc1cc2c(nn1)-c1ccccc1CC2,0,QKVREUJWFZJEJK-UHFFFAOYSA-N,marketed_clean
CC[C@H](C)[C@H](NC(=O)[C@H](C)NC(=O)[C@@H](NC(=O)[C@H](CCC(N)=O)NC(=O)[C@@H]1CCCN1C(=O)[C@H](Cc1ccccc1)NC(=O)[C@@H](NC(=O)[C@H](Cc1c[nH]cn1)NC(=O)[C@H](Cc1ccccc1)NC(=O)[C@H](CCCCN)NC(=O)[C@H](CC(N)=O)NC(=O)[C@H](Cc1ccccc1)NC(=O)[C@H](CC(=O)O)NC(=O)[C@H](CCC(N)=O)NC(=O)[C@@H](NC(=O)[C@H](Cc1ccc(O)cc1)NC(=O)[C@@H](NC(=O)CNC(=O)[C@H](CC(C)C)NC(=O)[C@H](CCSC)NC(=O)[C@@H]1CSSC[C@H](N)C(=O)NCC(=O)N[C@@H](CC(N)=O)C(=O)N[C@@H](CC(C)C)C(=O)N[C@@H](CO)C(=O)N[C@@H]([C@@H](C)O)C(=O)N1)[C@@H](C)O)[C@@H](C)O)[C@@H](C)O)[C@@H](C)O)C(=O)NCC(=O)N[C@H](C(=O)NCC(=O)N[C@@H](C)C(=O)N1CCC[C@H]1C(N)=O)C(C)C,0,LDVRMNJZLWXJPL-JKQNMTHDSA-N,marketed_clean
Cn1c(=O)c2c(ncn2CCNCc2cccnc2)n(C)c1=O,0,CDHVRXOLGDSJGX-UHFFFAOYSA-N,marketed_clean
O=P(O)(O)C(O)(Cc1cccc(-c2cccc(-c3ccccc3)c2)c1)P(=O)(O)O,0,YXQQNSYZOQHKHD-UHFFFAOYSA-N,marketed_clean
Nc1ncnc2c1ncn2[C@H]1C[C@H](O)[C@@H](COP(=O)(O)OP(=O)(O)OP(=O)(O)O)O1,0,SUYVUBYJARFZHO-RRKCRQDMSA-N,marketed_clean
CCCCOC(=O)CC(c1ccccc1)N1CCCCC1,0,WQDZHQZKJMNOAY-UHFFFAOYSA-N,marketed_clean
C[C@H](Nc1ccc(C#N)n(C)c1=O)c1cc2cc(Cl)ccc2[nH]c1=O,0,NEQYWYXGTJDAKR-JTQLQIEISA-N,marketed_clean
FC(F)(F)C(F)(F)C(F)(F)F,0,QYSGYZVSCZSLHT-UHFFFAOYSA-N,marketed_clean
COc1cc(Nc2nccc(Nc3c(Cl)ccc4c3OCO4)n2)cc(OC)c1OC,0,HMKLUOPMOJOUDZ-UHFFFAOYSA-N,marketed_clean
C[C@H]1O[C@H](O[C@H]2[C@H](O)[C@@H](O)[C@@H](O)O[C@@H]2CO)[C@H](O)[C@@H](O)[C@@H]1N[C@H]1C=C(CO)[C@@H](O[C@H]2O[C@H](CO)[C@@H](O[C@H]3O[C@H](CO)[C@@H](O)[C@H](O)[C@H]3O)[C@H](O)[C@H]2O)[C@H](O)[C@H]1O,0,JUCZMZWYUIRMPL-NPPSNIQKSA-N,marketed_clean
C=Cc1c2[nH]c(c1C)/C=c1\[nH]/c(c(C)c1CC)=C\c1[nH]c(c(CCC(=O)O)c1C)/C=c1\[nH]/c(c(C)c1CCC(=O)O)=C\2,0,VRTCWRDNEVDDQC-PNAPAZHISA-N,marketed_clean
N[C@@H](O)O[C@@H]1Cc2ccccc2[C@@H]1[C@@H]1CN[C@@](Cc2ccccc2)(C[C@H](O)[C@H](Cc2ccccc2)NC(=O)O[C@H]2CCOC2)C1=O,0,BYWKHOXUUACYRY-RJAVELRTSA-N,marketed_clean
Cc1cc(N)nc(CCNC(=O)c2ccc(C#N)cc2)c1,0,QINCZVSBLITNRD-UHFFFAOYSA-N,marketed_clean
CCCCC[C@@H](O)/C=C/c1ccccc1/C=C/[C@@H](O)[C@@H](O)CCCC(=O)O,0,HEDVTGFTYROYFE-RREUNBNVSA-N,marketed_clean
CN1CCC(Nc2ncc3ncnc(Nc4ccc(F)c(Cl)c4)c3n2)CC1,1,FTFRZXFNZVCRSK-UHFFFAOYSA-N,tdc
COc1ccc2c(C(=S)N(C)CC(=O)O)cccc2c1C(F)(F)F,1,LUBHDINQXIHVLS-UHFFFAOYSA-N,tdc
CN(C)C(=O)N[C@H]1CC[C@H](CCN2CCN(c3cccc(Cl)c3Cl)CC2)CC1,0,KPWSJANDNDDRMB-QAQDUYKDSA-N,marketed_clean
CCn1cc(C(=O)O)c(=O)c2cc(F)c(N3CCNCC3)nc21,0,IDYZIJYBMGIQMJ-UHFFFAOYSA-N,marketed_clean
C[N+](CO)(CO)CO,0,DRDCQJADRSJFFD-UHFFFAOYSA-N,marketed_clean
N[C@@H](CSS)C(=O)O,0,XBKONSCREBSMCS-REOHCLBHSA-N,marketed_clean
CCCCCCCCCCCCCC(=O)SCCNC(=O)CCNC(=O)[C@H](O)C(C)(C)COP(=O)(O)OP(=O)(O)OC[C@H]1O[C@@H](n2cnc3c(N)ncnc32)[C@H](O)[C@@H]1OP(=O)(O)O,0,DUAFKXOFBZQTQE-QSGBVPJFSA-N,marketed_clean
CCC1OC(=O)C(C)C(=O)C(C)C(OC2OC(C)CC(N(C)C)C2O)C(C)(OC)CC(C)C(=O)C(C)C2N(CCCCn3cnc(-c4cccnc4)c3)C(=O)OC12C,1,LJVAJPDWBABPEJ-UHFFFAOYSA-N,tdc
CC(=O)O[C@@]12CO[C@@H]1C[C@H](O)[C@@]1(C)C(=O)[C@H](O)C3=C(C)[C@@H](OC(=O)[C@H](O)[C@@H](NC(=O)OC(C)(C)C)c4ccccc4)C[C@@](O)([C@@H](OC(=O)c4ccccc4)[C@H]21)C3(C)C,0,ZDZOTLJHXYCWBA-VCVYQWHSSA-N,marketed_clean
Clc1ccc2c(c1)C(N1CCNCC1)=Nc1ccccc1O2,0,QWGDMFLQWFTERH-UHFFFAOYSA-N,marketed_clean
[C-]#[N+]CCCC,0,FSBLVBBRXSCOKU-UHFFFAOYSA-N,marketed_clean
Cc1cc2c(-c3ccccc3F)nc(N3CCNCC3)nc2s1,0,FVIVKIGLBDRWNR-UHFFFAOYSA-N,marketed_clean
CCCCNc1cc(C(=O)O)cc(S(N)(=O)=O)c1Oc1ccccc1,1,MAEIEVLCKWDQJH-UHFFFAOYSA-N,tdc
CC(=O)N[C@@H](CCCN(O)C(=O)/C=C(\C)CCO)C(=O)OCC/C(C)=C/C(=O)N(O)CCC[C@@H]1NC(=O)[C@H](CCCN(O)C(=O)/C=C(\C)CCO)NC1=O,0,AKLLFACZGZTMGS-FCRFISLRSA-N,marketed_clean
CC(=O)N(O)CCC[C@@H]1NC(=O)CNC(=O)[C@@H](Cc2ccccc2)NC(=O)CNC(=O)[C@H](CCCN(O)C(C)=O)NC(=O)[C@H](CCCN(O)C(C)=O)NC1=O,0,SEEJKBJWTHZURS-LAJGZZDBSA-N,marketed_clean
O=P(O)(O)OC[C@H]1O[C@@H]([n+]2c[nH]c3c(SP(=O)(O)O)ncnc32)[C@H](O)[C@@H]1O,0,BWOKFCRJKDCTJP-KQYNXXCUSA-O,marketed_clean
COc1ccc2c3c1O[C@H]1[C@@H](O)C=C[C@H]4[C@@H](C2)[N+](C)(C)CC[C@@]341,0,MLIBORQWQWVNCO-LEPYJNQMSA-N,marketed_clean
Nc1cc(-c2ccncc2)c[nH]c1=O,1,RNLQIBCLLYYYFJ-UHFFFAOYSA-N,tdc
CC(SC(=O)c1cccs1)C(=O)NCC(=O)O,0,JNYSEDHQJCOWQU-UHFFFAOYSA-N,marketed_clean
O=c1oc2cc(O)ccc2c2ccc(O)cc12,0,RIUPLDUFZCXCHM-UHFFFAOYSA-N,marketed_clean
CCN1C(=O)C(C)(C)c2cc3[nH]c4c(c3cc21)CCCc1c-4n[nH]c1C,0,AOMMPEGZDRAGRC-UHFFFAOYSA-N,marketed_clean
CCOC(=O)C(C)Oc1ccc(Oc2nc3ccc(Cl)cc3o2)cc1,0,PQKBPHSEKWERTG-UHFFFAOYSA-N,marketed_clean
O=C(O)c1ccc(CCCc2c(CCNS(=O)(=O)Cc3ccccc3C(F)(F)F)n(C(c3ccccc3)c3ccccc3)c3ccc(Cl)cc23)cc1,0,NHHBNHIPCSPSHQ-UHFFFAOYSA-N,marketed_clean
CC1(C)Cc2c(-c3ccccc3)c(-c3ccc(Cl)cc3)c(CC(=O)O)n2C1,0,UAWXGRJVZSAUSZ-UHFFFAOYSA-N,marketed_clean
Nc1ccc(S(=O)(=O)Nc2nccs2)cc1,1,JNMRHUJNCSQMMB-UHFFFAOYSA-N,tdc
O=C(O)c1ccccc1O,0,YGSDEFSMJLZEOE-UHFFFAOYSA-N,tdc
C[C@]12CC[C@@H](O)C[C@@H]1CC[C@@H]1[C@@H]2CC[C@]2(C)[C@@H](O)CC[C@@H]12,0,CBMYJHIOYJEBSB-KHOSGYARSA-N,marketed_clean
O=C(/C=C/c1ccc(Cl)cc1Cl)NO,0,LHTLDFWBUPYUDR-DUXPYHPUSA-N,marketed_clean
CNS(=O)(=O)c1ccc(NS(=O)(=O)c2ccc(N)cc2)cc1,0,VJUSDOIKMJHJPN-UHFFFAOYSA-N,marketed_clean
CC(C)OC(=O)Nc1ccc2nc(-c3cscn3)[nH]c2c1,0,QZWHWHNCPFEXLL-UHFFFAOYSA-N,marketed_clean
CCC(C)n1ncn(-c2ccc(N3CCN(c4ccc(OCC5COC(Cn6cncn6)(c6ccc(Cl)cc6Cl)O5)cc4)CC3)cc2)c1=O,1,VHVPQPYKVGDNFY-UHFFFAOYSA-N,tdc
Cc1ccc(Nc2c(F)cccc2Cl)c(CC(=O)O)c1,1,KHPKQFYUPIUARC-UHFFFAOYSA-N,tdc
CC1(C)S[C@@H]2[C@H](NC(=O)[C@H](NC(=O)N3CCN(S(C)(=O)=O)C3=O)c3ccccc3)C(=O)N2[C@H]1C(=O)O,0,YPBATNHYBCGSSN-VWPFQQQWSA-N,marketed_clean
C/C=C/C(C)=C/[C@@]1(C)SC(=O)C(C)=C1O,0,FVTQYHVYLPKMOX-SJFBBLFCSA-N,marketed_clean
CCC(=O)SCCNC(=O)CCNC(=O)[C@H](O)C(C)(C)COP(=O)(O)OP(=O)(O)OC[C@H]1O[C@@H](n2cnc3c(N)ncnc32)[C@H](O)[C@@H]1OP(=O)(O)O,0,QAQREVBBADEHPA-IEXPHMLFSA-N,marketed_clean
C=CC1(C(C)CCC)C(=O)NC(=O)NC1=O,0,KGKJZEKQJQQOTD-UHFFFAOYSA-N,marketed_clean
CC(=O)N[C@]1(C(N)=O)O[C@H](CO)[C@@H](O)[C@H](O)[C@H]1O,0,BUPVODXECQDZQR-YCOWOFQRSA-N,marketed_clean
CNc1ccc(/C=C/c2ccc(OCCOCCOCC[18F])cc2)cc1,0,NCWZOASIUQVOFA-FWZJPQCDSA-N,marketed_clean
CCC/C=C\C=C\CCCCCCCCCO,0,CIVIWCVVOFNUST-SCFJQAPRSA-N,marketed_clean
Nc1nc2cc3nc(NCc4cccs4)[nH]c3cc2c(=O)[nH]1,0,IQKMJWDYMFWZRF-UHFFFAOYSA-N,marketed_clean
O=[N+]([O-])c1ccc2[nH]ncc2c1,0,WSGURAYTCUVDQL-UHFFFAOYSA-N,marketed_clean
O=Cc1c(O)cccc1OCc1ccc(C(=O)O)cc1,0,XEDONBRPTABQFB-UHFFFAOYSA-N,marketed_clean
C#Cc1cccc(-c2cc(=O)n(C)c3ccc([C@](O)(c4ccc(Cl)cc4)c4cncn4C)cc23)c1,0,JAHDAIPFBPPQHQ-GDLZYMKVSA-N,marketed_clean
CCOc1ccc2nccc([C@@H](O)[C@@H]3C[C@@H]4CC[N@]3C[C@@H]4CC)c2c1,0,SUWZHLCNFQWNPE-LATRNWQMSA-N,marketed_clean
COc1cc2c(N)nc(N3CCN(C(=O)OCC(C)(C)O)CC3)nc2c(OC)c1OC,0,YNZXWQJZEDLQEG-UHFFFAOYSA-N,marketed_clean
[Fe+2],0,CWYNVVGOOAEACU-UHFFFAOYSA-N,marketed_clean
C[C@@H](NCCc1ccc(O)cc1)[C@@H](O)c1ccc(O)cc1,0,IOVGROKTTNBUGK-SJKOYZFVSA-N,marketed_clean
NC(=O)C1(N2CCCCC2)CCN(CCCN2c3ccccc3CCc3ccc(Cl)cc32)CC1,0,QAZKXHSIKKNOHH-UHFFFAOYSA-N,marketed_clean
O=C(O)c1ccc([Hg])cc1,0,FVFZSVRSDNUCGG-UHFFFAOYSA-N,marketed_clean
CN(C)CCON=C1c2ccccc2CCc2ccccc21,0,GPTURHKXTUDRPC-UHFFFAOYSA-N,marketed_clean
O=P1(N(CCCl)CCCl)NCCCO1,0,CMSMOCZEIVJLDB-UHFFFAOYSA-N,marketed_clean
CC12CC(=CO)C(=O)CC1CCC1C2CCC2(C)C1CCC2(C)O,1,ICMWWNHDUZJFDW-UHFFFAOYSA-N,tdc
COc1cccc(OC)c1C(=O)N[C@@H]1C(=O)N2[C@@H]1SC(C)(C)[C@@H]2C(=O)O,0,RJQXTJLFIWVMTO-TYNCELHUSA-N,marketed_clean
N[C@@H](CO)C(=O)O,0,MTCFGRXMJLQNBG-REOHCLBHSA-N,marketed_clean
NC(N)=Nc1ccc(CO)cc1,0,JAFHTIHHRCEJDS-UHFFFAOYSA-N,marketed_clean
Oc1c(I)cc(I)c(O)c1I,0,XKFZYVWWXHCHIX-UHFFFAOYSA-N,marketed_clean
COc1ccc2c(C(=O)c3ccc(Cl)cc3)c(C)n(CC(=O)O)c2c1,1,DGMZLCLHHVYDIS-UHFFFAOYSA-N,tdc
Nc1nc(N/N=C/C2CCCCC2)nc2c1ncn2[C@@H]1O[C@H](CO)[C@@H](O)[C@H]1O,0,XJFMHMFFBSOEPR-DNZQAUTHSA-N,marketed_clean
COc1ccc2c(c1)c(CC(=O)O)c(C)n2C(=O)c1ccc(Cl)cc1,1,CGIGDMFJXJATDK-UHFFFAOYSA-N,tdc
Cc1cc(/C=C/C#N)cc(C)c1Nc1ccnc(Nc2ccc(C#N)cc2)n1,0,YIBOMRUWOWDFLG-ONEGZZNKSA-N,marketed_clean
CC(=O)N[C@H]1[C@H]([C@H](O)[C@H](O)CO)O[C@@H](P(=O)(O)O)C[C@@H]1O,0,QITAGYVZDNZULE-HDBWYCHPSA-N,marketed_clean
O=C(CC(c1ccccc1)c1ccccc1)N1CCN(C(c2ccccc2)c2ccccc2)CC1,0,VCPMZDWBEWTGNW-UHFFFAOYSA-N,marketed_clean
[186Re],0,WUAPFZMCVAUBPE-IGMARMGPSA-N,marketed_clean
Cc1cn[nH]c1,0,RIKMMFOAQPJVMX-UHFFFAOYSA-N,marketed_clean
C[C@]12C[C@@]34C=CC(=O)[C@@](C)(CCC(=O)Nc5c(O)ccc(C(=O)O)c5O)[C@@H]3[C@H](C[C@@H]1C4)O2,0,CSOMAHTTWTVBFL-OFBLZTNGSA-N,marketed_clean
O=C(O)c1ccccc1C1c2ccc(O)cc2Oc2cc(O)ccc21,0,MURGITYSBWUQTI-UHFFFAOYSA-N,marketed_clean
CN(C)[C@@H]1C(=O)C(C(=O)NCO)=C(O)[C@@]2(O)C(=O)C3=C(O)c4c(O)ccc(Cl)c4[C@@](C)(O)[C@H]3C[C@@H]12,0,BXTHDFJCJQJHKD-KMVLDZISSA-N,marketed_clean
OC[C@H]1O[C@H](O)[C@@H](O)[C@@H]1O,0,HMFHBZSHGGEWLO-MBMOQRBOSA-N,marketed_clean
O=C1CCCC(=O)C1C(=O)c1ccc(C(F)(F)F)cc1[N+](=O)[O-],0,OUBCNLGXQFSTLU-UHFFFAOYSA-N,marketed_clean
C[C@]12C[C@H](c3ccc(S(C)(=O)=O)cc3)C3=C4CCC(=O)C=C4CC[C@H]3[C@@H]1CC[C@@]2(O)C(F)(F)C(F)(F)F,0,JUFWQQVHQFDUOD-ANRPBIDPSA-N,marketed_clean
CCN(CC)c1ccc(C(=C2C=CC(=[N+](CC)CC)C=C2)c2cc(O)c(S(=O)(=O)O)cc2S(=O)(=O)O)cc1,0,DHAHKSQXIXFZJB-UHFFFAOYSA-O,marketed_clean
N[C@@H](c1ccccc1)c1ccc(-c2ncnc3nc[nH]c23)cc1,0,CWHMAWBXRCDOEB-HNNXBMFYSA-N,marketed_clean
Cc1cn([C@H]2C[C@H](F)[C@@H](COP(=O)(O)O)O2)c(=O)[nH]c1=O,0,GGCAVPJXJISBOA-XLPZGREQSA-N,marketed_clean
CCS(=O)(=O)c1ccc(F)cc1,0,PRNNIHPVNFPWAH-UHFFFAOYSA-N,marketed_clean
CC(C)C(=O)c1c(C(C)C)nn2ccccc12,0,ZJVFLBOZORBYFE-UHFFFAOYSA-N,marketed_clean
CC(C)CC(=O)O,0,GWYFCOCPABKNJV-UHFFFAOYSA-N,marketed_clean
Cn1cc(S(=O)(=O)N2CCC3=Cc4c(cnn4-c4ccc(F)cc4)C[C@]3(C(=O)c3cc(C(F)(F)F)ccn3)C2)cn1,0,WANIDIGFXJFFEL-SANMLTNESA-N,marketed_clean
COC(=O)C1=C(C)NC(C)=C(C(=O)OC)C1c1ccccc1[N+](=O)[O-],1,HYIMSNHJOBLJNT-UHFFFAOYSA-N,tdc
Cc1ccc(C(C)C)c(OCC2=NCCN2)c1,0,QRORCRWSRPKEHR-UHFFFAOYSA-N,marketed_clean
CN(C)C[C@@H]1CCn2cc(c3ccccc32)C2=C(C(=O)NC2=O)c2cn(c3ccccc23)CCO1,0,ZCBUQCWBWNUWSU-SFHVURJKSA-N,marketed_clean
CC[C@H](C)[C@@H]1NC(=O)[C@H](Cc2ccc(OC)cc2)NC(=O)CCCSC[C@@H](C(=O)N2CCC[C@H]2C(=O)N[C@@H](CC(C)C)C(=O)NCC(N)=O)NC(=O)[C@H](CC(N)=O)NC(=O)[C@H](CCC(N)=O)NC1=O,0,NSTRIRCPWQHTIA-DTRKZRJBSA-N,marketed_clean
CNCC(O)c1ccc(O)cc1,0,YRCWQPVGYLYSOX-UHFFFAOYSA-N,marketed_clean
O=C/C=C/c1ccccc1,0,KJPRLNWUNMBNBZ-QPJJXVBHSA-N,marketed_clean
CCCCC(CC)C1NC(=O)N(SC(Cl)(Cl)Cl)C1=O,0,VOGJJBHRUDVEFM-UHFFFAOYSA-N,marketed_clean
NCC1=N[C@@H](CC2C=CC(=O)C=C2)C(=O)N1CC=O,0,MONOYMGQJZJGBR-NSHDSACASA-N,marketed_clean
CC(C)n1c(/C=C/[C@H](O)C[C@H](O)CC(=O)O)c(-c2ccc(F)cc2)c2ccccc21,0,FJLGEFLZQAZZCD-JUFISIKESA-N,marketed_clean
CC(C)NC[C@@H](O)COc1cccc2ccccc12,0,AQHHHDLHHXJYJD-CQSZACIVSA-N,marketed_clean
Nc1nc2[nH]cc(CCc3ccc(C(=O)N[C@@H](CCC(=O)N[C@@H](CCC(=O)N[C@@H](CCC(=O)NC(CCC(=O)O)C(=O)O)C(=O)O)C(=O)O)C(=O)O)cc3)c2c(=O)[nH]1,0,DICHBVJYDUDAIQ-QEGIFBSNSA-N,marketed_clean
CN(C)Cc1ccc(S(=O)(=O)n2ccc(/C=C/C(=O)NO)c2)cc1,0,FECGNJPYVFEKOD-VMPITWQZSA-N,marketed_clean
Oc1c(Cl)cc(Cl)cc1Sc1cc(Cl)cc(Cl)c1O,1,JFIOVJDNOJYLKP-UHFFFAOYSA-N,tdc
C=CCN1C(=O)C(CC(C)C)NC1=S,0,RATGSRSDPNECNO-UHFFFAOYSA-N,marketed_clean
CCN1CC(CCN2CCOCC2)C(c2ccccc2)(c2ccccc2)C1=O,0,XFDJYSQDBULQSI-UHFFFAOYSA-N,marketed_clean
CC[C@H](C)[C@H](NC(=O)[C@H](Cc1ccc(O)cc1)NC(=O)[C@@H](NC(=O)[C@H](CCCN=C(N)N)NC(=O)[C@@H](N)CC(=O)O)C(C)C)C(=O)N[C@@H](Cc1cnc[nH]1)C(=O)N1CCC[C@H]1C(=O)O,0,PVHLMTREZMEJCG-GDTLVBQBSA-N,marketed_clean
COc1ccc2c(c1)c(CC(=O)OCC(=O)O)c(C)n2C(=O)c1ccc(Cl)cc1,0,FSQKKOOTNAMONP-UHFFFAOYSA-N,marketed_clean
C[C@@H](O)[C@H](N)c1nccs1,0,QWDNYLFSFTUIKH-UHNVWZDZSA-N,marketed_clean
C[C@]12CC[C@H]3[C@@H](CCC4=CC(=O)CC[C@@H]43)[C@@H]1CCC2=O,0,JRIZOGLBRPZBLQ-QXUSFIETSA-N,marketed_clean
Cc1ncc([N+](=O)[O-])n1CC(O)CN1CCOCC1,0,GAZGHCHCYRSPIV-UHFFFAOYSA-N,marketed_clean
O=P(O)(O)C(Sc1ccc(Cl)cc1)P(=O)(O)O,0,DKJJVAGXPKPDRL-UHFFFAOYSA-N,marketed_clean
C=C(CC)C(=O)c1ccc(OCC(=O)O)c(Cl)c1Cl,0,AVOLMBLBETYQHX-UHFFFAOYSA-N,marketed_clean
COc1cccc(-c2cccc(CCc3cccc(N)n3)c2)c1,0,AEVBKBAFFJKFJZ-UHFFFAOYSA-N,marketed_clean
NCCCC[C@H](NC(=O)[C@H](Cc1cnc[nH]1)NC(=O)CN)C(=O)O,0,MVORZMQFXBLMHM-QWRGUYRKSA-N,marketed_clean
CCCCCOC(=O)Nc1nc(=O)n(C2OC(C)C(O)C2O)cc1F,1,GAGWJHPBXLXJQN-UHFFFAOYSA-N,tdc
NS(=O)(=O)c1ccc(-n2nc(C(F)(F)F)cc2-c2ccc(Br)cc2)cc1,0,OYZKFVIVPRQRQQ-UHFFFAOYSA-N,marketed_clean
Fc1cc(F)c2c(c1)C[C@@H](n1c(CCNCc3ccccc3)c[nH]c1=S)CO2,0,ZSSLCFLHEFXANG-GOSISDBHSA-N,marketed_clean
CC(=O)OCC(=O)[C@@]12N=C(C)O[C@@H]1C[C@H]1[C@@H]3CCC4=CC(=O)C=C[C@]4(C)[C@@]3(F)[C@@H](O)C[C@@]12C,0,BYZCJOHDXLROEC-RBWIMXSLSA-N,marketed_clean
O=C1NS(=O)(=O)c2ccccc21,0,CVHZOJJKTDOEJC-UHFFFAOYSA-N,marketed_clean
C#[N+]CC,0,JEGVKBYNUPNGJU-UHFFFAOYSA-N,marketed_clean
C[C@]12C=CC(=O)N[C@@H]1CC[C@@H]1[C@@H]2CC[C@]2(C)[C@@H](C(=O)Nc3cc(C(F)(F)F)ccc3C(F)(F)F)CC[C@@H]12,0,JWJOTENAMICLJG-QWBYCMEYSA-N,marketed_clean
O=C1c2ccccc2C(=O)N1CCOC(=S)Nc1ccc(Cl)cc1,0,BWRRXOIACQYNEK-UHFFFAOYSA-N,marketed_clean
NCC[C@H](CC(=O)O)[C@@H](CN)CCC(=O)O,0,QMRGRIXXWLVLTR-HTQZYQBOSA-N,marketed_clean
N[C@@H](Cc1ccccc1)C(O)[C@@H](N)Cc1ccccc1,0,GZBLEJZADHZBBZ-HOTGVXAUSA-N,marketed_clean
CC[C@H](Nc1ncnc2nc[nH]c12)c1oc2ccccc2c(=O)c1-c1cccc(F)c1,0,HDXDQPRPFRKGKZ-INIZCTEOSA-N,marketed_clean
CC(=O)c1ccc(C)cc1N[C@H](C(N)=O)c1c(Br)cccc1Br,0,FELUFXCUIYHAPB-INIZCTEOSA-N,marketed_clean
N#Cc1ccc(C(c2ccc(C#N)cc2)n2cncn2)cc1,1,HPJKCIUCZWXJDR-UHFFFAOYSA-N,tdc
C1CCC(C(CC2CCCCN2)C2CCCCC2)CC1,1,CYXKNKQEMFBLER-UHFFFAOYSA-N,tdc
CN(C)CCn1cc(C(=O)N2CCC3(CC2)OCc2ccccc23)c2ccc(Cl)cc21,0,QZXVLRCMAHJVIP-UHFFFAOYSA-N,marketed_clean
COCc1c(-c2cc3cc(C)cc(OC)c3s2)c2c(N)ncnn2c1CN1CCNC(=O)C1,0,HNLRRJSKGXOYNO-UHFFFAOYSA-N,marketed_clean
C[C@H]1CC[C@@H]2N(C1)C[C@@H]1[C@H]([C@@H](O)[C@H](O)[C@]3(O)[C@H]1C[C@@]14O[C@@]5(O)[C@@H]([C@@H](O)[C@@H](O)[C@@H]31)[C@]4(C)CC[C@@H]5O)[C@]2(C)O,0,CKJAABZFXLMMCS-MKKPLVDTSA-N,marketed_clean
CS(=O)(=O)c1cccc(-c2cc(N3CC[C@H](c4cc(F)c(F)cc4F)[C@@H](N)C3)ncn2)c1,0,GOBIXGZJSMAOFV-QRWLVFNGSA-N,marketed_clean
C[C@H](Cc1ccccc1O)C(=O)O,0,HGNFDPZASRDVLL-SSDOTTSWSA-N,marketed_clean
N=C(N)c1ccc2nc(-c3cccc(OC4CCCC4)c3O)[nH]c2c1,0,WCFWDBPDMBXMTQ-UHFFFAOYSA-N,marketed_clean
CCC(CN)=C(c1ccccc1)c1ccccc1,0,WNKCJOWTKXGERE-UHFFFAOYSA-N,marketed_clean
N#CCCC(Br)(C#N)CBr,0,DHVLDKHFGIVEIP-UHFFFAOYSA-N,marketed_clean
Cc1oncc1C(=O)Nc1ccc(C(F)(F)F)cc1,1,VHOGYURTWQBHIL-UHFFFAOYSA-N,tdc
CC(=O)Oc1ccc(C(=C2CCCCC2)c2ccc(OC(C)=O)cc2)cc1,1,GVOUFPWUYJWQSK-UHFFFAOYSA-N,tdc
Cc1cc(C)nc(NS(=O)(=O)c2ccc(/N=N/c3ccc(O)c(C(=O)O)c3)cc2)n1,0,DFPJEJKMDZFZHC-GHVJWSGMSA-N,marketed_clean
CCCCCNC(=O)[C@H](Cc1ccc(N(C(=O)C(=O)O)c2ccccc2C(=O)O)c2ccccc12)NC(C)=O,0,UESXELNYBIOROE-QHCPKHFHSA-N,marketed_clean
N[C@H](CC[C@@H](N)O)Cc1ccc(O)cc1,0,VTBBVHAOBBELOH-KOLCDFICSA-N,marketed_clean
CC(Cc1ccccc1)N=CC(Cl)(Cl)Cl,0,VBZDETYCYXPOAK-UHFFFAOYSA-N,marketed_clean
CC(C)[C@H](NC(=O)[C@H](C)NC(=O)OCc1ccccc1)C(=O)N[C@H](CO)Cc1ccccc1,0,QLOIOASGERKBSU-NYVOZVTQSA-N,marketed_clean
c1c[nH]cn1,0,RAXXELZNTBOGNW-UHFFFAOYSA-N,marketed_clean
CC(=N)N1CCC(Oc2ccc3c4ccccc4n(Cc4ccc5ccc(C(=N)N)cc5c4)c3c2)CC1,0,DZLGSWPXZYDHBD-UHFFFAOYSA-N,marketed_clean
CC12CCC(=O)C=C1CCC1C2C(O)CC2(C)C1CCC2(O)C(=O)CO,0,JYGXADMDTFJGBT-UHFFFAOYSA-N,tdc
Cc1cc(CNC(=O)c2cc(C(=O)NCc3ccc(F)c(C)c3)ncn2)ccc1F,0,PYFRREJCFXFNRR-UHFFFAOYSA-N,marketed_clean
c1ccc(C2(N3CCCC3)CCCCC2)cc1,0,FYOWWXMGDATDQY-UHFFFAOYSA-N,marketed_clean
Nc1ncn(C2OC(CO)C(O)C2O)c(=O)n1,1,NMUSYJAQQFHJEW-UHFFFAOYSA-N,tdc
O=C(O)CC[C@H](CP(=O)(O)Cc1ccc(I)cc1)C(=O)O,0,PPTCQJLGUKWAEP-SNVBAGLBSA-N,marketed_clean
Cc1cc(S(=O)(=O)c2c([N+](=O)[O-])cc(C(F)(F)F)cc2[N+](=O)[O-])c(Cl)cc1Cl,0,INAZPZCJNPPHGV-UHFFFAOYSA-N,marketed_clean
O=C(O)CCCCCNC(=O)Cc1cc(I)c(O)c([N+](=O)[O-])c1,0,LKGGMBQFWIIXJM-UHFFFAOYSA-N,marketed_clean
CCCCC/C=C\C=C\CCCCCCCCC(=O)O,0,GKJZMAHZJGSBKD-NMMTYZSQSA-N,marketed_clean
CCOP(=O)(O)O,0,ZJXZSIYSNXKHEA-UHFFFAOYSA-N,marketed_clean
CCC[C@@](C)(O)[C@H]1C[C@@]23CC[C@]1(OC)[C@@H]1Oc4c(O)ccc5c4[C@@]12CCN(C)[C@@H]3C5,0,BRTSNYPDACNMIP-FAWZKKEFSA-N,marketed_clean
CC[C@H](C=O)[C@@H](CNS(=O)(=O)c1ccc(C)cc1)C(=O)O,0,IDDWUPNJUMHKFQ-DGCLKSJQSA-N,marketed_clean
O=C(O)c1ccc(-n2nc(-c3ccccc3O)nc2-c2ccccc2O)cc1,0,BOFQWVMAQOTZIW-UHFFFAOYSA-N,marketed_clean
C=C/C=C/[C@@]1(C)SC(=O)C(C)=C1O,0,TXGVAQMIEXZDPM-BRAIEQGRSA-N,marketed_clean
Nc1ncc(C(=O)c2cccc(Br)c2)o1,0,YDCMMVTWXORJGO-UHFFFAOYSA-N,marketed_clean
O=c1ncnc2[nH][nH]cc1-2,1,OFCNXPDARWKPPY-UHFFFAOYSA-N,tdc
NC(=O)NS(=O)(=O)c1ccc(N)cc1,1,WVAKABMNNSMCDK-UHFFFAOYSA-N,tdc
CCOC(=O)c1c(C)nn(-c2ccccc2Cl)c1C,0,XQCKNCFQOJFQFK-UHFFFAOYSA-N,marketed_clean
O=P(O)(O)O[C@H]1O[C@@H](CO)[C@H](O)[C@@H](O)[C@@H]1O,0,HXXFSFRBOHSIMQ-MDMQIMBFSA-N,marketed_clean
CCCCCC(=O)N[C@@H](CCO)C(=O)O,0,BJLILZXVIKTHKQ-QMMMGPOBSA-N,marketed_clean
CSCC[C@H](NC(=O)[C@H](Cc1ccccc1)NC(=O)CNC(=O)CNC(=O)[C@@H](N)Cc1ccc(O)cc1)C(=O)O,0,YFGBQHOOROIVKG-FKBYEOEOSA-N,marketed_clean
N=C(N)c1ccc(CNC(=O)[C@@H]2CCCN2C(=O)[C@H](N)Cc2ccccc2)cc1,0,VZFTWWJAUZOJDH-MOPGFXCFSA-N,marketed_clean
O=C(O)COCCN1CCN(C(c2ccccc2)c2ccc(Cl)cc2)CC1,0,ZKLPARSLTMPFCP-UHFFFAOYSA-N,marketed_clean
O=c1ccn([C@H]2C[C@H](O)[C@@H](COP(=O)(O)OP(=O)(O)O)O2)c(=O)[nH]1,0,QHWZTVCCBMIIKE-SHYZEUOFSA-N,marketed_clean
Clc1ccc(CCCOCCCN2CCCCC2)cc1,0,NNACHAUCXXVJSP-UHFFFAOYSA-N,marketed_clean
CCC1OC(=O)C(C)C(OC2CC(C)(OC)C(O)C(C)O2)C(C)C(OC2OC(C)CC(N(C)C)C2O)C(C)(OC)CC(C)C(=O)C(C)C(O)C1(C)O,1,AGOYDEPGAOXOCK-UHFFFAOYSA-N,tdc
C[C@@H](Cc1ccccc1)NC(=O)[C@@H](N)CCCCN,0,VOBHXZCDAVEXEY-JSGCOSHPSA-N,marketed_clean
CC(=O)Oc1cc(C(C)C)c(OCCN(C)C)cc1C,1,VRYMTAVOXVTQEF-UHFFFAOYSA-N,tdc
O=c1[nH]c(=O)n([C@H]2C[C@H](O)[C@@H](CO)O2)cc1F,0,ODKNJVUHOIMIIZ-RRKCRQDMSA-N,marketed_clean
OC[C@H]1O[C@@H](O[C@H]2[C@H](O)[C@@H](O)[C@H](O[C@H]3[C@H](O)[C@@H](O)[C@H](O[C@H]4[C@H](O)[C@@H](O)[C@H](O)O[C@@H]4CO)O[C@@H]3CO)O[C@@H]2CO)[C@H](O)[C@@H](O)[C@@H]1O,0,LUEWUZLMQUOBSB-HGDSAIHNSA-N,marketed_clean
CCCNC(=O)NS(=O)(=O)c1ccc(Cl)cc1,1,RKWGIWYCVPQPMF-UHFFFAOYSA-N,tdc
C#C[C@]1(O)CC[C@H]2[C@@H]3CCC4=C/C(=N/O)CC[C@@H]4[C@H]3CC[C@@]21CC,0,ISHXLNHNDMZNMC-VTKCIJPMSA-N,marketed_clean
CCCCCCCCCCCC(=O)N[C@H](CCCC)COP(=O)(O)OCCO,0,SLLQAGCLXXPCKZ-LJQANCHMSA-N,marketed_clean
CC(=O)C(=O)O,0,LCTONWCANYUPML-UHFFFAOYSA-N,marketed_clean
CC(C[N+](C)(C)C)OC(N)=O,0,NZUPCNDJBJXXRF-UHFFFAOYSA-O,tdc
CC(C)OCCn1c(=S)[nH]c(=O)c2[nH]ccc21,0,FVJCUZCRPIMVLB-UHFFFAOYSA-N,marketed_clean
N#Cc1ccccc1OCC(O)CNCCNC(=O)Cc1ccc(O)cc1,0,YARKMNAWFIMDKV-UHFFFAOYSA-N,marketed_clean
CCCc1cc(=O)[nH]c(=S)[nH]1,1,KNAHARQHSZJURB-UHFFFAOYSA-N,tdc
c1ccc2c(c1)Nc1ccccc1S2,1,WJFKNYWRSNBZNX-UHFFFAOYSA-N,tdc
O=[N+]([O-])c1cncn1CCN1CCOCC1,0,MDJFHRLTPRPZLY-UHFFFAOYSA-N,marketed_clean
Oc1ccc([As+](c2ccccc2)(c2ccccc2)c2ccccc2)cc1O,0,AYGYLFIDAXGERM-UHFFFAOYSA-O,marketed_clean
COc1ccc(/C=C2\CCCN=C2c2cccnc2)c(OC)c1,0,RPYWXZCFYPVCNQ-RVDMUPIBSA-N,marketed_clean
O=P(O)(O)O[C@H]1O[C@H](CO)[C@@H](O)[C@H](O)[C@H]1O,0,HXXFSFRBOHSIMQ-VFUOTHLCSA-N,marketed_clean
O=C1NC(=O)[C@@]2(CCOc3ccc(F)cc32)N1,0,LXANPKRCLVQAOG-NSHDSACASA-N,marketed_clean
CC1(C)SC2C(NC(=O)C(NC(=O)N3CCN(S(C)(=O)=O)C3=O)c3ccccc3)C(=O)N2C1C(=O)O,1,YPBATNHYBCGSSN-UHFFFAOYSA-N,tdc
NC1=NC(=O)C(c2ccccc2)O1,1,NRNCYVBFPDDJNE-UHFFFAOYSA-N,tdc
CO[C@@H]([C@@H]1OC(C(=O)O)=C[C@H](N=C(N)N)[C@H]1NC(C)=O)[C@H](O)CO,0,QNRRHYPPQFELSF-CNYIRLTGSA-N,marketed_clean
O=P(O)(O)CS,0,MJZCELCYTRONIX-UHFFFAOYSA-N,marketed_clean
O=C1CSC2(CCN(CCCN3c4ccccc4Sc4ccc(Cl)cc43)CC2)N1,0,CFOYBMUYCBSDAL-UHFFFAOYSA-N,marketed_clean
C[C@@H]1CCc2ncc(F)cc2[C@H]2CCCN2c2ccn3ncc(c3n2)C(=O)N1,0,OEBIHOVSAMBXIB-SJKOYZFVSA-N,marketed_clean
CC1(C)NC(=O)N(c2ccc([N+](=O)[O-])c(C(F)(F)F)c2)C1=O,1,XWXYUMMDTVBTOU-UHFFFAOYSA-N,tdc
Fc1ccc(-c2nc(-c3ccccc3)n[nH]2)cc1,0,KMGPJKOKSYGMJD-UHFFFAOYSA-N,marketed_clean
CC(C)(C)c1ccc(S(=O)(=O)Nc2ccc(Cl)cc2C(=O)c2cc[n+]([O-])cc2)cc1,0,JRWROCIMSDXGOZ-UHFFFAOYSA-N,marketed_clean
C=CC[C@@H]1/C=C(\C)C[C@H](C)C[C@H](OC)[C@H]2O[C@@](O)(C(=O)C(=O)N3CCCC[C@H]3C(=O)O[C@H](/C(C)=C/[C@@H]3CC[C@@H](O)[C@H](OC)C3)[C@H](C)[C@@H](O)CC1=O)[C@H](C)C[C@@H]2OC,0,QJJXYPPXXYFBGM-LFZNUXCKSA-N,marketed_clean
CC1(O)CC(c2nc(-c3ccc4ccc(-c5ccccc5)nc4c3)c3c(N)nccn23)C1,0,PKCDDUHJAFVJJB-UHFFFAOYSA-N,marketed_clean
CS(=O)(=O)OC[C@@H](O)[C@@H](O)[C@H](O)[C@H](O)COS(C)(=O)=O,0,ODOISJJCWUVNDJ-WCTZXXKLSA-N,marketed_clean
NCC1(NC(=O)[C@H](CS(=O)(=O)Cc2ccccc2)N[C@@H](c2ccc(O)cc2)C(F)(F)F)CC1,0,DWWVPKCSDHDILN-OALUTQOASA-N,marketed_clean
C=CCC1(CC(C)C)C(=O)NC(=S)NC1=O,0,QHJOIAXHOQIPJT-UHFFFAOYSA-N,marketed_clean
CC12CCC(CC1)C(C)(C)O2,0,WEEGYLXZBRQIMU-UHFFFAOYSA-N,marketed_clean
COC(=O)C1=C(C)NC(C)=C(C(=O)OCCN(C)Cc2ccccc2)C1c1cccc([N+](=O)[O-])c1,1,ZBBHBTPTTSWHBA-UHFFFAOYSA-N,tdc
Cc1ccc(NC(=O)c2ccc(CN3CCN(C)CC3)cc2)cc1Nc1nccc(-c2cccnc2)n1,1,KTUFNOKKBVMGRW-UHFFFAOYSA-N,tdc
CC(=O)OCC1=C(C(=O)O)N2C(=O)C(NC(=O)Cc3cccs3)C2SC1,1,XIURVHNZVLADCM-UHFFFAOYSA-N,tdc
O=C(OCCN1CCOCC1)c1cccnc1Nc1cccc(C(F)(F)F)c1,0,LDXSPUSKBDTEKA-UHFFFAOYSA-N,marketed_clean
NCc1ccc(-c2cccs2)cc1,0,YKNLMMDEWQZCLJ-UHFFFAOYSA-N,marketed_clean
O=C(O)CCCCC1CCSS1,0,AGBQKNBQESQNJD-UHFFFAOYSA-N,marketed_clean
CN1CCCCC1CCN1c2ccccc2Sc2ccc(S(C)(=O)=O)cc21,0,FLGCRGJDQJIJAW-UHFFFAOYSA-N,marketed_clean
C[C@@H](Cc1ccsc1)NC(=O)NC[C@H](Cc1ccc(O)cc1)N(C)C,0,MEDBIJOVZJEMBI-YOEHRIQHSA-N,marketed_clean
CCc1nc(N)nc(N)c1-c1ccc(Cl)cc1,1,WKSAUQYGYAYLPV-UHFFFAOYSA-N,tdc
Cc1c(-c2ccc(O)cc2)n(Cc2ccc(OCCN3CCCCCC3)cc2)c2ccc(O)cc12,0,UCJGJABZCDBEDK-UHFFFAOYSA-N,marketed_clean
Cn1cc(-c2cc3c(N4CCN(c5ncc([C@@](C)(N)c6ccc(F)cc6)cn5)CC4)ncnn3c2)cn1,0,DWYRIWUZIJHQKQ-SANMLTNESA-N,marketed_clean
CC(C)[N+]1(C)[C@@H]2CC[C@H]1C[C@@H](OC(=O)C(CO)c1ccccc1)C2,0,OEXHQOGQTVQTAT-BHIXFJMTSA-N,marketed_clean
CCC(C(=O)O)C1(O)CCC(c2ccccc2)CC1,0,HPLFQKUIHGZHPH-UHFFFAOYSA-N,marketed_clean
O=C1NC(=O)C(c2ccccc2)(c2cccs2)N1,0,DCPACFSINCUFEC-UHFFFAOYSA-N,marketed_clean
COCC(=O)OC1(CCN(C)CCCc2nc3ccccc3[nH]2)CCc2cc(F)ccc2C1C(C)C,0,HBNPJJILLOYFJU-UHFFFAOYSA-N,tdc
COc1c(N2CC3CCCNC3C2)c(F)cc2c(=O)c(C(=O)O)cn(C3CC3)c12,1,FABPRXSRWADJSP-UHFFFAOYSA-N,tdc
C[C@@H]1C[C@@H]2C(=C3CCC(=O)C=C31)[C@@H](c1ccc(N(C)C)cc1)C[C@@]1(C)[C@H]2CC[C@@]12CCCO2,0,HFDGABTZPISMDD-IEVXGSBISA-N,marketed_clean
CCNc1nc(Cl)nc(NC(C)C)n1,0,MXWJVTOOROXGIU-UHFFFAOYSA-N,marketed_clean
Cc1ccc2c(c1)C(=O)[C@]1(O)CCN(c3ccccc3)C1=N2,0,LZAXPYOBKSJSEX-GOSISDBHSA-N,marketed_clean
CCCc1ccc(OCC(=O)N2CCN(C(=O)COc3ccc(CCC)cc3OC)CC2)c(OC)c1,0,IMOLVSPMDGCLMB-UHFFFAOYSA-N,marketed_clean
C/C=C/C/C=C/CCC(=O)[C@H]1O[C@H]1C(N)=O,0,GVEZIHKRYBHEFX-NQQPLRFYSA-N,marketed_clean
O=C(CCCN1CCC(O)(c2cccc(C(F)(F)F)c2)CC1)c1ccc(F)cc1,0,GPMXUUPHFNMNDH-UHFFFAOYSA-N,marketed_clean
OC[C@H]1N=C(NO)[C@H](O)[C@@H](O)[C@@H]1O[C@H]1O[C@H](CO)[C@@H](O[C@H]2O[C@H](CO)[C@@H](O)[C@H](O)[C@H]2O)[C@H](O)[C@H]1O,0,AHRWQUNEPBVNOT-IVJVVCOPSA-N,marketed_clean
O=S(=O)(Nc1nc2cc(Cl)ccc2o1)c1cc(Cl)ccc1Cl,0,JCXZHFCBNFFHRC-UHFFFAOYSA-N,marketed_clean
C[C@@H]1C[C@H]2[C@@H]3C[C@H](F)C4=CC(=O)C=C[C@]4(C)[C@@]3(F)[C@@H](O)C[C@]2(C)[C@H]1C(=O)COC(=O)C(C)(C)C,0,UWGRWFCLGQWKPR-GSTUPEFVSA-N,marketed_clean
CN(C/C=C/c1ccccc1)Cc1cccc2ccccc12,0,OZGNYLLQHRPOBR-DHZHZOJOSA-N,marketed_clean
Oc1cc(O)c(-c2[nH]ncc2N2CCNCC2)cc1Cl,0,RFPHEBUOQYYPDO-UHFFFAOYSA-N,marketed_clean
N=C(N)c1ccc(OCCCOc2ccc(C(=N)N)cc2)cc1,0,WTFXJFJYEJZMFO-UHFFFAOYSA-N,marketed_clean
OCCc1ccccc1,0,WRMNZCZEMHIOCP-UHFFFAOYSA-N,marketed_clean
CCn1c2c(c3ccccc31)CCSC2(C)CCN(C)C,0,BRPOADLGOFPKKJ-UHFFFAOYSA-N,marketed_clean
NC[C@H]1CN(c2c(-c3ccccc3)cnc3[nH]ncc23)CCO1,0,YBRZCAKSBYWZTC-ZDUSSCGKSA-N,marketed_clean
NC(N)=Nc1nc(-c2ccc(CNc3nc4ccccc4[nH]3)s2)cs1,0,CKJGKHXCUDWFDC-UHFFFAOYSA-N,marketed_clean
O=C(/C=C/C=C/c1ccc2c(c1)OCO2)N1CCCCC1,0,MXXWOMGUGJBKIW-YPCIICBESA-N,marketed_clean
ClCCCl,0,WSLDOOZREJYCGB-UHFFFAOYSA-N,marketed_clean
CC[C@H]1OC(=O)C[C@@H](O)[C@H](C)[C@@H](O[C@@H]2O[C@H](C)[C@@H](O)[C@H](N(C)C)[C@H]2O)[C@@H](CCN2C[C@H](C)C[C@H](C)C2)C[C@@H](C)C(=O)/C=C/C(C)=C/[C@@H]1CO[C@@H]1O[C@H](C)[C@@H](O)[C@@H](OC)[C@H]1OC,0,JTSDBFGMPLKDCD-XVFHVFLVSA-N,marketed_clean
CN1CCCCC1CCN1c2ccccc2Sc2ccc(S(C)=O)cc21,1,SLVMESMUVMCQIY-UHFFFAOYSA-N,tdc
CCC1OC(=O)C(C)C(OC2CC(C)(OC)C(O)C(C)O2)C(C)C(OC2OC(C)CC(N(C)C)C2O)C(C)(O)CC(C)C(=O)C(C)C(O)C1(C)O,1,ULGZDMOVFRHVEP-UHFFFAOYSA-N,tdc
CCCCCCCC/C=C\CCCCCCCC(=O)N[C@@H](CO)[C@H](O)[C@H](O)CCCCCCCCCCCCCC,0,ATGQXSBKTQANOH-UWVGARPKSA-N,marketed_clean
COc1cc2c(cc1O)CC[C@@H]1[C@@H]2CC[C@]2(C)[C@@H](O)CC[C@@H]12,0,CQOQDQWUFQDJMK-SSTWWWIQSA-N,marketed_clean
CCC[C@H](NC(=O)[C@@H]1[C@H]2CCC[C@H]2CN1C(=O)[C@@H](NC(=O)[C@@H](NC(=O)c1cnccn1)C1CCCCC1)C(C)(C)C)C(=O)C(=O)NC1CC1,0,BBAWEDCPNXPBQM-GDEBMMAJSA-N,marketed_clean
C[C@]12CC[C@H]3[C@@H](CCC4=CC(=O)CC[C@@H]43)[C@@H]1CC[C@@H]2OS(=O)(=O)O,0,SKZMVWBZTQNCKW-IZPLOLCNSA-N,marketed_clean
CN(C)[C@@H]1C(=O)C(C(N)=O)=C(O)[C@@]2(O)C(=O)C3=C(O)c4c(O)c(NC(=O)CN5CCCC5)cc(F)c4C[C@H]3C[C@@H]12,0,AKLMFDDQCHURPW-ISIOAQNYSA-N,marketed_clean
CO[C@H]1C[C@H](O[C@@H]2/C(C)=C\C[C@@H]3C[C@@H](C[C@]4(C=C[C@H](C)[C@@H](C(C)C)O4)O3)OC(=O)[C@@H]3C=C(C)[C@@H](O)[C@H]4OC/C(=C/C=C\[C@@H]2C)[C@]43O)O[C@@H](C)[C@H]1O[C@H]1C[C@@H](OC)[C@H](NC(C)=O)[C@H](C)O1,0,WPNHOHPRXXCPRA-TVXIRPTOSA-N,marketed_clean
Nc1nc(=O)n([C@H]2C[C@H](O)[C@@H](COP(=O)(O)O)O2)cc1C=O,0,HDFNXAHZEYLDBJ-XLPZGREQSA-N,marketed_clean
O[C@@H]1[C@@H](O)[C@@H](O)OC[C@H]1O,0,SRBFZHDQGSBBOR-LECHCGJUSA-N,marketed_clean
Cc1ccc(Cn2cnc(-c3cccs3)c2)cc1,0,UMOFOLLUKPBVQG-UHFFFAOYSA-N,marketed_clean
F[SnH2]F,0,ANOBYBYXJXCGBS-UHFFFAOYSA-L,marketed_clean
c1ccc(-p2c(-c3ccccn3)c3c(c2-c2ccccn2)CCCC3)cc1,0,GSKNNHAAFLPYHG-UHFFFAOYSA-N,marketed_clean
CCCCCCCCCCC1=C(C)C(=O)C(OC)=C(OC)C1=O,0,VMEGFMNVSYVVOM-UHFFFAOYSA-N,marketed_clean
OC[C@H]1O[C@H](O[C@H]2[C@H](O)[C@@H](O)C(O)O[C@@H]2CO)[C@H](O)[C@@H](O)[C@@H]1O,0,GUBGYTABKSRVRQ-PICCSMPSSA-N,marketed_clean
O=C(O)CC[C@H](NC(=O)N[C@@H](CCCCNCc1ccc([123I])cc1)C(=O)O)C(=O)O,0,OXUUJYOSVPMNKP-ZANJDRPYSA-N,marketed_clean
CC(C)C[C@H](CS)C(=O)O,0,GCTDRFXPPSVRRP-ZCFIWIBFSA-N,marketed_clean
CC#C[C@@H](CC(=O)O)c1ccc(OCc2ccc(CN3CCC4(C=Cc5ccccc54)CC3)cc2)cc1,0,FHRWHNJJQGSCQC-LJAQVGFWSA-N,marketed_clean
NCCO,0,HZAXFHJVJLSVMW-UHFFFAOYSA-N,marketed_clean
CCCNC(=O)[C@H]1O[C@@H]1C(=O)N[C@H](C(=O)N1CCC[C@H]1C(=O)OCc1ccccc1)[C@@H](C)CC,0,OMQNYWZURFTFHE-MQBSTWLZSA-N,marketed_clean
Cc1cccc(-c2nc(Nc3ccc4[nH]ncc4c3)c3ccccc3n2)n1,0,HNHRWNUXTCATSG-UHFFFAOYSA-N,marketed_clean
Nc1nc(=O)n(C2CSC(CO)O2)cc1F,1,XQSPYNMVSIKCOC-UHFFFAOYSA-N,tdc
CC12COC(=O)CC1CCC1C2CCC2(C)C1CCC2(C)O,1,QSLJIVKCVHQPLV-UHFFFAOYSA-N,tdc
CNC(=O)[C@@H](NC(=O)[C@H](CC(C)C)[C@H](CNC(=O)c1nccs1)C(=O)NO)C(C)(C)C,0,GAHIXYNNFMCKFQ-HZSPNIEDSA-N,marketed_clean
C=C1c2c(Cl)ccc(O)c2C(O)=C2C(=O)[C@]3(O)C(O)=C(C(N)=O)C(=O)[C@@H](N(C)C)[C@@H]3[C@@H](O)[C@H]12,0,RNIADBXQDMCFEN-IWVLMIASSA-N,marketed_clean
CC(C)C1CCC(C(=O)N[C@H](Cc2ccccc2)C(=O)O)CC1,0,OELFLUMRDSZNSF-OFLPRAFFSA-N,marketed_clean
COc1ccc2cc(-c3cc(-c4cc(Cl)cc(Cl)c4)nn3[C@@H](C)c3ccc(C(=O)NCCC(=O)O)cc3)ccc2c1,0,DNTVJEMGHBIUMW-IBGZPJMESA-N,marketed_clean
COc1cc(C(=O)OCCCN(C)CCN(C)CCCOC(=O)c2cc(OC)c(OC)c(OC)c2)cc(OC)c1OC,0,KRQAMFQCSAJCRH-UHFFFAOYSA-N,marketed_clean
C[C@H](N=C1NC(=O)[C@@](C)(C(F)(F)F)S1)c1ccccc1F,0,KNHNFKZUNFPPQE-MADCSZMMSA-N,marketed_clean
Nc1c(CC(=O)O)cccc1C(=O)c1ccc(Br)cc1,1,ZBPLOVFIXSTCRZ-UHFFFAOYSA-N,tdc
CC1(C)S[C@@H]2[C@H](NC(=O)COc3ccccc3)C(=O)N2[C@H]1C(=O)O,0,BPLBGHOLXOTWMN-MBNYWOFBSA-N,marketed_clean
O=C(O)[C@H](Cc1ccc(O)cc1)NC(=O)[C@H](Cc1ccccc1)NC(=O)[C@@H](S)Cc1ccccc1,0,GIVBBFGMRNXKPE-HJOGWXRNSA-N,marketed_clean
O=C1N2C=C(c3ccc(O)cc3)N[C@H](Cc3ccccc3)C2=N[C@@]1(Cc1ccc(I)cc1)OO,0,VKJBKKSOPAEBAT-GJZUVCINSA-N,marketed_clean
CC(C)(CO)C(O)C(=O)NCCC(=O)O,0,GHOKWGTUZJEAQD-UHFFFAOYSA-N,tdc
Nc1nc(NC2CC2)c2ncn(C3C=CC(CO)C3)c2n1,1,MCGSCOLBFJQGHM-UHFFFAOYSA-N,tdc
N[C@@H](CSP(=O)(O)O)C(=O)O,0,MNEMQJJMDDZXRO-REOHCLBHSA-N,marketed_clean
Nc1cc(Oc2ccc(NC(=O)NC(=O)Cc3ccc(F)cc3)cc2F)ccn1,0,USBSTVPJNQLYEM-UHFFFAOYSA-N,marketed_clean
CCC(CC)Nc1cc(C(=O)O)ccc1N1C(=O)CCC1(CO)CO,0,BNIJJJRESBVRNB-UHFFFAOYSA-N,marketed_clean
N[C@H]1C=C(CO)C[C@H](O)[C@H]1O,0,BMZJPVSGERKRHP-ACZMJKKPSA-N,marketed_clean
CCC(C)(C)C(=O)O[C@H]1C[C@@H](C)C=C2C=C[C@H](C)[C@H](CC[C@@H](O)C[C@@H](O)CC(=O)O)[C@H]21,0,XWLXKKNPFMNSFA-HGQWONQESA-N,marketed_clean
[198Au],0,PCHJSUWPFVWCPO-OUBTZVSYSA-N,marketed_clean
O=C(c1cc(S(=O)(=O)Nc2ccccc2F)c(F)cc1Cl)N1CCN2CCC[C@@H]2C1,0,AGPIHNZOZNKRGT-CYBMUJFWSA-N,marketed_clean
COc1cc(NCc2ccc3nc(N)nc(N)c3c2C)cc(OC)c1OC,0,NOYPYLRCIDNJJB-UHFFFAOYSA-N,marketed_clean
CC(C(=O)O)c1ccc(-c2ccccc2)c(F)c1,1,SYTBZMRGLBWNTM-UHFFFAOYSA-N,tdc
SC[C@@H](Cc1ccccc1)c1nc2ccncc2[nH]1,0,DCUCDCAIOMIBEA-GFCCVEGCSA-N,marketed_clean
CO[C@H]1/C=C/O[C@@]2(C)Oc3c(C)c(O)c4c(O)c(c(/C=N/N5CCN(C)CC5)c(O)c4c3C2=O)NC(=O)/C(C)=C\C=C\[C@H](C)[C@H](O)[C@@H](C)[C@@H](O)[C@@H](C)[C@H](OC(C)=O)[C@@H]1C,0,JQXXHWHPUNPDRT-WLSIYKJHSA-N,marketed_clean
Cc1cc(F)ccc1[C@H]1CNCCN1C(=O)N(C)[C@H](C)c1cc(C(F)(F)F)cc(C(F)(F)F)c1,0,SBBYBXSFWOLDDG-JLTOFOAXSA-N,marketed_clean
O=c1n(CCCN2CCN(c3cccc(Cl)c3)CC2)nc2ccccn12,1,PHLBKPHSAVXXEF-UHFFFAOYSA-N,tdc
CC(=O)NC[C@H]1CN(c2ccc(N3CCOCC3)c(F)c2)C(=O)O1,0,TYZROVQLWOKYKF-ZDUSSCGKSA-N,marketed_clean
O=C(CNC(=O)c1cccc(C(F)(F)F)c1)NC1CN(C2CCC(O)(c3cncs3)CC2)C1,0,CFKBNYUHQSQBSX-UHFFFAOYSA-N,marketed_clean
COC(=O)c1ccccc1C(=O)c1ccc(OCCN2CCCCC2)cc1,0,NZHMAQSCHUSSSJ-UHFFFAOYSA-N,marketed_clean
CC(CC=O)CCCC(C)(C)O,0,WPFVBOQKRVRMJB-UHFFFAOYSA-N,marketed_clean
C=C1CC2C(CCC3(C)C(=O)CCC23)C2(C)C=CC(=O)C=C12,1,BFYIZQONLCFLEV-UHFFFAOYSA-N,tdc
CN(CC(O)c1cccc(O)c1)c1nc2c(c(=O)n(C)c(=O)n2C)n1C,0,DGXRPIJZPGBJPJ-UHFFFAOYSA-N,marketed_clean
CC1=C(C(=O)O)N2C(=O)C(NC(=O)C(N)c3ccc(O)cc3)C2SC1,1,BOEGTKLJZSQCCD-UHFFFAOYSA-N,tdc
Oc1ccccc1-c1ccccc1,0,LLEMOWNGBBNAJR-UHFFFAOYSA-N,marketed_clean
C[C@@H](O)[C@H](NC(=O)c1ccc(C#Cc2ccc(CN3CCOCC3)cc2)cc1)C(=O)NO,0,FQYBTYFKOHPWQT-VGSWGCGISA-N,marketed_clean
CCN(C)C(=O)c1ccc(-c2ccc3c(n2)Oc2ccccc2[C@@H]3C(C)(C)C(=O)Nc2nncs2)cc1F,0,DZBKAUMYTFPJIS-QHCPKHFHSA-N,marketed_clean
CC(=O)OC12COC1CC(O)C1(C)C(=O)C(O)C3=C(C)C(OC(=O)C(O)C(NC(=O)OC(C)(C)C)c4ccccc4)CC(O)(C(OC(=O)c4ccccc4)C21)C3(C)C,1,ZDZOTLJHXYCWBA-UHFFFAOYSA-N,tdc
COc1cc(C(=O)O)ccc1NC(=O)[C@@H]1N[C@@H](CC(C)(C)C)[C@](C#N)(c2ccc(Cl)cc2F)[C@H]1c1cccc(Cl)c1F,0,TVTXCJFHQKSQQM-LJQIRTBHSA-N,marketed_clean
O=C([C@@H](O)CO)N1CC=C(c2c(F)cc(N3C[C@H](COc4ccon4)OC3=O)cc2F)CC1,0,HBUJYEUPIIJJOS-PBHICJAKSA-N,marketed_clean
COc1cccc2c1C(=O)c1c(O)c3c(c(O)c1C2=O)CC(O)(C(=O)CO)CC3OC1CC(N)C(O)C(C)O1,1,AOJJSUZBOXZQNB-UHFFFAOYSA-N,tdc
CN(C)C/C=C/C(=O)Nc1cc2c(Nc3ccc(F)c(Cl)c3)ncnc2cc1O[C@H]1CCOC1,0,ULXXDDBFHOBEHA-CWDCEQMOSA-N,marketed_clean
CO[C@H]1[C@@H](O)C[C@H](O[C@H]2[C@@H](O)C[C@H](O[C@H]3[C@@H](O)C[C@H](O[C@H]4CC[C@@]5(C)[C@H](CC[C@@H]6[C@@H]5C[C@@H](O)[C@]5(C)[C@@H](C7=CC(=O)OC7)CC[C@]65O)C4)O[C@@H]3C)O[C@@H]2C)O[C@@H]1C,0,IYJMSDVSVHDVGT-PEQKVOOWSA-N,marketed_clean
CCOC1OC(=O)CC1NC(=O)C1CCCN2C(=O)CCC(NC(=O)c3nccc4ccccc34)C(=O)N12,1,CXAGHAZMQSCAKJ-UHFFFAOYSA-N,tdc
NC[C@@]1(O)NC(=O)C(O)=[N+]1CC(=O)O,0,IMYOMVNQPPPJHU-ZCFIWIBFSA-O,marketed_clean
CCCCCNC(=O)c1coc([C@H]2[C@@H](Cc3ccccc3CCC(=O)O)[C@@H]3CC[C@H]2O3)n1,0,BBPRUNPUJIUXSE-DXKRWKNPSA-N,marketed_clean
C=CC(=O)c1ccc(CCCCCC)cc1,0,IINHTEWASPUCMH-UHFFFAOYSA-N,marketed_clean
N=C1N(O)[C@@H](COC(N)=O)[C@@H]2N=C(N)N[C@]23N1CCC3(O)O,0,PPEKGEBBBBNZKS-HGRQIUPRSA-N,marketed_clean
Cc1ccc(C(CCN(C)C)c2ccccc2)cc1,0,CINROOONPHQHPO-UHFFFAOYSA-N,marketed_clean
CSCC[C@@H](NC(=O)CCC(=O)O)C(=O)O,0,CZFFMUMOBDIXJU-ZCFIWIBFSA-N,marketed_clean
O=c1[nH]c(=O)n(C2CC(O)C(CO)O2)cc1F,1,ODKNJVUHOIMIIZ-UHFFFAOYSA-N,tdc
CC1(C)CC(=O)c2c(N)ncnc2C1,0,DYPFWRCGECJCBK-UHFFFAOYSA-N,marketed_clean
O=C(CCNNC(=O)c1ccncc1)NCc1ccccc1,1,NOIIUHRQUVNIDD-UHFFFAOYSA-N,tdc
Cc1cccc(C)c1NC(=O)CC12CCCN1CCC2,0,BCQTVJKBTWGHCX-UHFFFAOYSA-N,marketed_clean
CN[C@@H]1C[C@H]2O[C@@](C)([C@@H]1OC)n1c3ccccc3c3c4c(c5c6ccccc6n2c5c31)C(=O)N[C@@H]4O,0,PBCZSGKMGDDXIJ-HQCWYSJUSA-N,marketed_clean
Cn1cc[nH]c1=S,1,PMRYVIKBURPHAH-UHFFFAOYSA-N,tdc
C=C1CS[C@H]([C@@H](C=O)NC(=O)/C(=N\OC(C)(C)C(=O)O)c2csc(N)n2)N=C1C(=O)O,0,VEHPZKIFULQYFS-BZXVCXBKSA-N,marketed_clean
CCN1[C@@H]2CC[C@H]1C[C@@H](OC(c1ccccc1)c1ccccc1)C2,0,PHTMLLGDZBZXMW-AERCQKQUSA-N,marketed_clean
N[C@@H](Cc1cccs1)C(=O)O,0,WTOFYLAWDLQMBZ-LURJTMIESA-N,marketed_clean
NC1C2CN(c3nc4c(cc3F)c(=O)c(C(=O)O)cn4-c3ccc(F)cc3F)CC12,1,WVPSKSLAZQPAKQ-UHFFFAOYSA-N,tdc
COC(c1ccccc1)(c1ccccc1)[C@H](Oc1nc(C)cc(C)n1)C(=O)O,0,OUJTZYPIHDYQMC-LJQANCHMSA-N,marketed_clean
C[C@@H]1C[C@H]2[C@@H]3CCC4=CC(=O)C=C[C@]4(C)C3=CC[C@]2(C)[C@@]1(O)C(=O)CO,0,ZYTXTXAMMDTYDQ-DGEXFFLYSA-N,marketed_clean
Cc1c2[nH]c(c1CCC(=O)O)/C=c1\[nH]/c(c(C)c1CCC(=O)O)=C\C1=C(O)[C@](C)(CC(=O)O)C(=CC3=N/C(=C\2)[C@@](C)(CC(=O)O)C3=O)N1,0,SNOYGLBTLGJPAG-RGCYECANSA-N,marketed_clean
CN(C)[C@@H]1C(O)=C(C(N)=O)C(=O)[C@@]2(O)C(O)=C3C(=O)c4c(O)c(NC(=O)CN5CCCC5)cc(F)c4C[C@H]3C[C@@H]12,0,HLFSMUUOKPBTSM-ISIOAQNYSA-N,marketed_clean
CCO[C@@H](Cc1ccc(OCCc2ccc(OS(C)(=O)=O)cc2)cc1)C(=O)O,0,CXGTZJYQWSUFET-IBGZPJMESA-N,marketed_clean
O=C(O)COc1nn(Cc2ccccc2)c2ccccc12,1,BYFMCKSPFYVMOU-UHFFFAOYSA-N,tdc
CC[C@H]1OC(=O)[C@H](C)C(=O)[C@H](C)[C@@H](O[C@@H]2O[C@H](C)C[C@H](N(C)C)[C@H]2O)[C@](C)(OC/C=C/c2cnc3ccccc3c2)C[C@@H](C)C(=O)[C@H](C)[C@H]2NC(=O)O[C@@]21C,0,PENDGIOBPJLVBT-ONLVEXIXSA-N,marketed_clean
CC(C)C[C@H](N)CN1CCCN2CCC[C@H]21,0,SOQLOPQBSFMPNJ-QWHCGFSZSA-N,marketed_clean
Cc1cn([C@H]2C=C[C@@H](COP(=O)(O)OP(=O)(O)O)O2)c(=O)[nH]c1=O,0,LXCAIISEDMYORY-JGVFFNPUSA-N,marketed_clean
O=C(O)c1cc(-c2ccc(F)cc2F)ccc1O,1,HUPFGZXOMWLGNK-UHFFFAOYSA-N,tdc
C=CCCCCCCCCC(=O)O[C@H]1CC[C@H]2[C@@H]3CCC4=CC(=O)C=C[C@]4(C)[C@H]3CC[C@]12C,0,AHMMSNQYOPMLSX-CNQKSJKFSA-N,marketed_clean
CC1COc2c(N3CCN(C)CC3)c(F)cc3c(=O)c(C(=O)O)cn1c23,1,GSDSWSVVBLHKDQ-UHFFFAOYSA-N,tdc
O=C(O)CCC/C=C\C[C@@H]1[C@@H](/C=C/[C@@H](O)COc2cccc(C(F)(F)F)c2)[C@H](O)C[C@@H]1O,0,WWSWYXNVCBLWNZ-QIZQQNKQSA-N,marketed_clean
CN(N=O)C(=O)NC1C(O)OC(CO)C(O)C1O,1,ZSJLQEPLLKMAKR-UHFFFAOYSA-N,tdc
Nc1ccc(S(=O)(=O)Nc2cnc3c(Cl)cccc3n2)cc1,0,CTSNHMQGVWXIEG-UHFFFAOYSA-N,marketed_clean
CN(C(=O)c1cc(OS(=O)(=O)c2ccc3ccccc3c2)ccc1NS(=O)(=O)c1ccc2ccccc2c1)[C@@H](CC(=O)O)C(=O)O,0,JOAALZBSMWLOPQ-LJAQVGFWSA-N,marketed_clean
CCN(CC)CCn1c(=O)c(Cc2ccc(OC)cc2)nc2ccccc21,0,MSPRUJDUTKRMLM-UHFFFAOYSA-N,marketed_clean
Cc1c2cc[n+](C)cc2c(C)c2c1[nH]c1ccc(O)cc12,0,YZQRAQOSAPWELU-UHFFFAOYSA-O,marketed_clean
Cc1ccc(C(=O)c2ccc(CC(=O)O)n2C)cc1,1,UPSPUYADGBWSHF-UHFFFAOYSA-N,tdc
O=C(N/N=C/c1cc(Br)c(O)c(Br)c1O)c1ccc2ccccc2c1,0,LVLHTGJPIBVDTM-ZVBGSRNCSA-N,marketed_clean
C[C@H](C(=O)O)C(=O)SCCNC(=O)CCNC(=O)[C@H](O)C(C)(C)COP(=O)(O)OP(=O)(O)OC[C@H]1O[C@@H](n2cnc3c(N)ncnc32)[C@H](O)[C@@H]1OP(=O)(O)O,0,MZFOKIKEPGUZEN-AGCMQPJKSA-N,marketed_clean
CC(C)(C)NS(=O)(=O)c1ccc(-c2cnc3cccc(Nc4ccccn4)c3c2)cc1,0,GJTCKUKIFXWJKG-UHFFFAOYSA-N,marketed_clean
O=c1[nH]c(=O)c2ccccc2o1,0,OAYRYNVEFFWSHK-UHFFFAOYSA-N,marketed_clean
CN1CCN(C(=O)C2C(C(=O)O)[C@H]3CC[C@@H]2O3)CC1,0,JUQMLSGOTNKJKI-IZUQBHJASA-N,marketed_clean
CC(=O)Nc1nccc(-c2c(C)nc3ccccn23)n1,0,ZCRPPLDDHBLUES-UHFFFAOYSA-N,marketed_clean
Cc1c2oc3c(C)ccc(C(=O)NC4C(=O)NC(C(C)C)C(=O)N5CCCC5C(=O)N(C)CC(=O)N(C)C(C(C)C)C(=O)OC4C)c3nc-2c(C(=O)NC2C(=O)NC(C(C)C)C(=O)N3CCCC3C(=O)N(C)CC(=O)N(C)C(C(C)C)C(=O)OC2C)c(N)c1=O,1,RJURFGZVJUQBHK-UHFFFAOYSA-N,tdc
c1ccc(Nc2c[nH]c3ncccc23)cc1,0,CQFGXDQUQWRXLE-UHFFFAOYSA-N,marketed_clean
CC(C)[C@H](C[C@H](O)[C@@H](N)CC1CCCCC1)C(=O)O,0,SRFUYEFGHOTBHV-IHRRRGAJSA-N,marketed_clean
CN[C@@H](C)C(=O)N[C@H](C(=O)N1CCC[C@H]1c1nc(C(=O)c2ccc(F)cc2)cs1)C1CCCCC1,0,UFPFGVNKHCLJJO-SSKFGXFMSA-N,marketed_clean
OCCN1CCN(CCCN2c3ccccc3C=Cc3ccccc32)CC1,0,YNZFUWZUGRBMHL-UHFFFAOYSA-N,marketed_clean
CC(C)C(=O)COc1nc(N)nc2nc[nH]c12,0,BEXUQVHWMLPYKY-UHFFFAOYSA-N,marketed_clean
CC(C)C[C@H](NC(=O)OCc1ccccc1)C(=O)N[C@@H](Cc1ccc(O)cc1)[C@H](C)O,0,ZUWYQZGBCBSHFK-HSQYWUDLSA-N,marketed_clean
OCCN1C[C@H](O)[C@@H](O)[C@H](O)[C@H]1CO,0,IBAQFPQHRJAVAV-ULAWRXDQSA-N,marketed_clean
CN(C(=O)N1CC(c2cc(F)ccc2F)=C[C@H]1c1ccccc1)C1CCNCC1,0,NKLVBHMAIMEVEH-QFIPXVFZSA-N,marketed_clean
CCC1(CC)C(=O)C=CNC1=O,0,NZASCBIBXNPDMH-UHFFFAOYSA-N,marketed_clean
O=C(OCCO)c1ccccc1O,0,LVYLCBNXHHHPSB-UHFFFAOYSA-N,marketed_clean
CS(=O)(=O)OCCCCOS(C)(=O)=O,1,COVZYZSDYWQREU-UHFFFAOYSA-N,tdc
c1ccc(C(c2ccccc2)N2CCN(Cc3ccc4c(c3)OCO4)CC2)cc1,0,ORAUEDBBTFLQSK-UHFFFAOYSA-N,marketed_clean
CCCCNc1c2c(nc3ccccc13)CCCC2,0,ZFPNOTAGQWNERF-UHFFFAOYSA-N,marketed_clean
c1ccc2c(c1)OCC(C1=NCCN1)O2,0,HPMRFMKYPGXPEP-UHFFFAOYSA-N,marketed_clean
CCOCCOCCOCCOCCOCCOCC,0,IXFAFGFZFQHRLB-UHFFFAOYSA-N,marketed_clean
C[C@@H](NCCCC[C@H](N)C(=O)O)C(=O)O,0,XCYPSOHOIAZISD-RQJHMYQMSA-N,marketed_clean
CCCOc1ccc2nc(NC(=O)OC)[nH]c2c1,1,RAOCRURYZCVHMG-UHFFFAOYSA-N,tdc
Cc1onc(-c2ccccc2Cl)c1C(=O)NC1C(=O)N2C1SC(C)(C)C2C(=O)O,1,LQOLIRLGBULYKD-UHFFFAOYSA-N,tdc
Cc1cccc(Cl)c1Nc1nc2ccc(N3CCN[C@@H](C)C3)cc2n2cncc12,0,VWJPPYCULHDHBB-HNNXBMFYSA-N,marketed_clean
Cc1ncc(COP(=O)(O)O)c(CN[C@@H](CCC(=O)O)C(=O)O)c1O,0,JMRKOGDJNHPMHS-JTQLQIEISA-N,marketed_clean
C#C[C@H]1CC[C@@H](CN)N1C(=O)[C@@H](N)C1CCCC1,0,XYVMJMYCUZCIPB-AVGNSLFASA-N,marketed_clean
Cc1ccc(S(=O)(=O)NC(=O)NC2CCCCC2)cc1,0,RIGBPMDIGYBTBJ-UHFFFAOYSA-N,marketed_clean
N#CCc1ccc(Nc2nc(Nc3cc(C4CC4)[nH]n3)c3ccccc3n2)cc1,0,NVMCVWOODOWOLT-UHFFFAOYSA-N,marketed_clean
CCCC(CCC)C(=O)NCC(N)=O,0,RALGCAOVRLYSMA-UHFFFAOYSA-N,marketed_clean
CN1C(=O)N[C@@]2(O[C@H](CO)[C@@H](O)[C@H](O)[C@H]2O)C1=O,0,RIUIMUSXAGXXON-FMTWGGRWSA-N,marketed_clean
NS(=O)(=O)c1cc(C(=O)O)c(NCc2ccco2)cc1Cl,1,ZZUFCTLCJUWOSV-UHFFFAOYSA-N,tdc
[Mo],0,ZOKXTWBITQBERF-UHFFFAOYSA-N,marketed_clean
Cc1[nH]nc2ccc(F)c(Oc3cc(C#N)cc(C#N)c3)c12,0,JYAHFMKZJRVTDT-UHFFFAOYSA-N,marketed_clean
Nc1ccc(O[C@H]2O[C@H](CO)[C@H](O)[C@H](O)[C@H]2O)cc1,0,MIAKOEWBCMPCQR-IIRVCBMXSA-N,marketed_clean
COc1ccccc1OC(=O)C(C)c1ccc(CC(C)C)cc1,0,FVRWRGBTEHAPDI-UHFFFAOYSA-N,marketed_clean
c1cc2c3c(c1)[C@H]1CCC[C@H]1CN3CCNC2,0,NPTIPEQJIDTVKR-STQMWFEESA-N,marketed_clean
CC(O)C[C@@H](c1ccccc1)c1c(O)c2ccccc2oc1=O,0,ZUJMMGHIYSAEOU-CVRLYYSRSA-N,marketed_clean
O=S(=O)(O)c1cc(O)c2c(/N=N/c3ccc(Nc4ccccc4)c4c(S(=O)(=O)O)cccc34)cc(S(=O)(=O)O)cc2c1,0,QFVHZQCOUORWEI-ZQHSETAFSA-N,marketed_clean
CC(F)(F)c1cc(F)ccc1-c1sc2cc(O)ccc2c1Oc1ccc(/C=C/C(=O)O)cc1,0,SJXNPGGVGZXKKI-NYYWCZLTSA-N,marketed_clean
N[C@@H](CSCCS(N)(=O)=O)C(=O)O,0,ZRCBQBJBRHIRRG-BYPYZUCNSA-N,marketed_clean
CC/C=C\C=C\C=C\CCCCCCCCCC(=O)O,0,ZSXWVPXJLXTOQQ-ZRGCPWHVSA-N,marketed_clean
C[C@H](c1ccc(F)cc1)N(Cc1cccc(C(=O)O)c1)C(=O)c1cnc2ccccc2c1,0,BXNMZRPTQFVRFA-QGZVFWFLSA-N,marketed_clean
CN1C(C(=O)Nc2ccccn2)=C(OC(=O)/C=C/c2ccccc2)c2ccccc2S1(=O)=O,0,GPUVGQIASQNZET-CCEZHUSRSA-N,marketed_clean
C[C@@H](NC(=O)CCS)C(=O)O,0,JIAFOCJABIEPNM-SCSAIBSYSA-N,marketed_clean
C[n+]1ccn(C[C@@]2(C)[C@H](C(=O)[O-])N3C(=O)C[C@H]3S2(=O)=O)n1,0,HFZITXBUTWITPT-YWVKMMECSA-N,marketed_clean
CC(C)C[C@@H](NC(=O)N1CCOCC1)C(=O)N[C@@H](/C=C/S(=O)(=O)c1ccccc1)CCc1ccccc1,0,YUMYYTORLYHUFW-ZUDLOMHPSA-N,marketed_clean
OC[C@H]1O[C@@H]([n+]2c[nH]c3c2NC=N[C@H]3O)[C@H](O)[C@@H]1O,0,WGRXVKRHIMUTPD-YOHZANMFSA-O,marketed_clean
CC1=C(C(=O)O)N[C@H]([C@H](NC(=O)Cc2cccs2)C(=O)O)SC1,0,JRYZEMHNDUZNMI-RYUDHWBXSA-N,marketed_clean
CC(Cn1cnc2c(N)ncnc21)OCP(=O)(O)O,1,SGOIRFVFHAKUTI-UHFFFAOYSA-N,tdc
COC(=O)C1=CCCN(C)C1,0,HJJPJSXJAXAIPN-UHFFFAOYSA-N,marketed_clean
CC(C)n1cnc2c(Nc3cccc(Cl)c3)nc(NCCO)nc21,0,XZEFMZCNXDQXOZ-UHFFFAOYSA-N,marketed_clean
CC(=O)[C@H](N)C(=O)O,0,SAUCHDKDCUROAO-VKHMYHEASA-N,marketed_clean
C[C@H](NC(=O)[C@@H](CC(=O)NO)Cc1ccccc1)C(=O)O,0,OJCFZTVYDSKXNM-GXSJLCMTSA-N,marketed_clean
CCO[C@@H]1Cc2cc(C(F)(F)F)ccc2[C@H]1N1CCN(C2(C)CCN(C(=O)c3c(C)ncnc3C)CC2)C[C@@H]1C,0,ZMCJFJZOSKEMOM-DNKZPPIMSA-N,marketed_clean
O=c1ccn([C@@H]2O[C@H](COP(=O)(O)OP(=O)(O)O[C@H]3OC[C@@H](O)[C@H](O)[C@H]3O)[C@@H](O)[C@H]2O)c(=O)[nH]1,0,DQQDLYVHOTZLOR-OCIMBMBZSA-N,marketed_clean
CC12CCC3C4CCC(=O)C=C4CCC3C1CCC2O,1,NPAGDVCDWIYMMC-UHFFFAOYSA-N,tdc
O=C(O)Cc1csc(-c2ccc(Cl)cc2)n1,1,APBSKHYXXKHJFK-UHFFFAOYSA-N,tdc
COCCOCCOCCOC,0,YFNKIDBQEZZDLK-UHFFFAOYSA-N,marketed_clean
C[C@H]1CC(CN)(CC(=O)O)C[C@@H]1C,0,IUVMAUQEZFTTFB-YUMQZZPRSA-N,marketed_clean
CCCCCCC#Cc1ccccc1/C=C/C(=O)O,0,KRDSGPLHVQJFLM-BUHFOSPRSA-N,marketed_clean
O=C1c2c(O)ccc(O)c2C(=O)c2c(NCCNCCO)ccc(NCCNCCO)c21,1,KKZJGLLVHKMTCM-UHFFFAOYSA-N,tdc
Cc1nc(C)c2c(n1)N(Cc1ccc(-c3ccccc3-c3nn[nH]n3)cc1)C(=O)CC2,1,ADXGNEYLLLSOAR-UHFFFAOYSA-N,tdc
CCCCC/C=C/CC(C/C=C/CCCCC)(P(=O)(O)O)P(=O)(O)O,0,PFKBXXKNHWTTCS-PHEQNACWSA-N,marketed_clean
CC1CCC(C(C)C)C(OC(=O)C[N+](C)(C)CCCCCCCCCC[N+](C)(C)CC(=O)OC2CC(C)CCC2C(C)C)C1,0,ZADGGFKUEYIBJC-UHFFFAOYSA-N,marketed_clean
CCCc1c(OCCCOc2ccc(OCC(=O)O)cc2)ccc(C(C)=O)c1O,0,HBBVCKCCQCQCTJ-UHFFFAOYSA-N,marketed_clean
Cc1c(C)c2c(c(C)c1O)CCC(C)(COc1ccc(CC3SC(=O)NC3=O)cc1)O2,1,GXPHKUHSUJUWKP-UHFFFAOYSA-N,tdc
C[C@]12CC[C@H]3[C@@H](CCC4=C(Cl)C(=O)CC[C@@]43C)[C@@H]1CC[C@@H]2O,0,KCZCIYZKSLLNNH-FBPKJDBXSA-N,marketed_clean
CCOc1ccc(NC(C)=O)cc1,1,CPJSUEIXXCENMM-UHFFFAOYSA-N,tdc
CCCCCCCCO[C@@H]1O[C@@H](CO)[C@H](O)[C@H](O)[C@H]1O,0,HEGSGKPQLMEBJL-QSLWVIQJSA-N,marketed_clean
OCc1cccnc1,0,MVQVNTPHUGQQHK-UHFFFAOYSA-N,marketed_clean
O=C(C=Cc1cccc(S(=O)(=O)Nc2ccccc2)c1)NO,0,NCNRHFGMJRPRSK-UHFFFAOYSA-N,marketed_clean
O=C(O)c1ccc2c(c1)C(=O)N([C@H](Cc1ccc(O)cc1)C(=O)O)C2=O,0,QISJEFYTLZTWIQ-CQSZACIVSA-N,marketed_clean
CC(C)(C)c1cc(NC(=O)Nc2ccc(Cl)cc2)n(-c2ccccc2)n1,0,XIWRCSVXKPGGAJ-UHFFFAOYSA-N,marketed_clean
CCC(C)(C)C(=O)C(=O)N1CCC[C@H]1C(=O)OCCCc1cccnc1,0,OQAHHWOPVDDWHD-INIZCTEOSA-N,marketed_clean
[51Cr],0,VYZAMTAEIAYCRO-BJUDXGSMSA-N,marketed_clean
CC(C)NNC(=O)c1ccncc1,1,NYMGNSNKLVNMIA-UHFFFAOYSA-N,tdc
CCn1cc(C(=O)O)c(=O)c2cc(F)c(N3CCNCC3)cc21,1,OGJPXUAPXNRGGI-UHFFFAOYSA-N,tdc
O=c1c(-c2ccc(O)cc2)coc2cc(O[C@@H]3O[C@H](CO)[C@@H](O)[C@H](O)[C@H]3O)ccc12,0,KYQZWONCHDNPDP-QNDFHXLGSA-N,marketed_clean
CCCCc1nc2c(=O)[nH][nH]c(=O)c2[nH]1,0,DQHJYYALMHIEAH-UHFFFAOYSA-N,marketed_clean
Cc1cc(Br)c(O)c2ncccc12,1,JMOVFFLYGIQXMM-UHFFFAOYSA-N,tdc
NS(=O)(=O)Cc1noc2ccccc12,1,UBQNRHZMVUUOMG-UHFFFAOYSA-N,tdc
CCC/C(=C/c1ccc(-c2cccc(C(=O)O)c2)o1)[N+](=O)[O-],0,IRHZCQDCMUWUKV-RAXLEYEMSA-N,marketed_clean
Cc1ccccc1OCC(=O)N[C@@H](CC(C)C)C(=O)N[C@@H](Cc1ccc(OC(=O)N2CCC(C(N)=O)CC2)cc1)C(=O)O,0,RZMCXMNNXGCFQG-DQEYMECFSA-N,marketed_clean
CN(C)C[C@H](O)COc1ccc(Nc2ncc(Br)c(Nc3ccccc3)n2)cc1,0,MEIJADBULOETOV-KRWDZBQOSA-N,marketed_clean
Clc1ccc(C(Cn2ccnc2)OCc2csc3c(Cl)cccc23)c(Cl)c1,0,JLGKQTAYUIMGRK-UHFFFAOYSA-N,marketed_clean
Nc1nc2c(sc(=O)n2[C@@H]2O[C@H](CO)[C@@H](O)[C@H]2O)c(=O)[nH]1,0,TZYVRXZQAWPIAB-FCLHUMLKSA-N,marketed_clean
Cc1nn(-c2cnc(OCC(C)C)c(Cl)c2)c2ccc(C(=O)NS(C)(=O)=O)cc12,0,RVTSXVZXEGFIPW-UHFFFAOYSA-N,marketed_clean
COC1(NC(=O)Cc2cccs2)C(=O)N2C(C(=O)O)=C(COC(N)=O)CSC21,1,WZOZEZRFJCJXNZ-UHFFFAOYSA-N,tdc
C[C@]12CCC(=O)C[C@H]1CC[C@@H]1[C@@H]2CC[C@]2(C)C(=O)CC[C@@H]12,0,RAJWOBJTTGJROA-QJISAEMRSA-N,marketed_clean
O=C(O)C1N=C(c2ccccc2)c2cc(Cl)ccc2NC1=O,0,XDDJGVMJFWAHJX-UHFFFAOYSA-N,marketed_clean
CCCCCCc1ccc(O)cc1O,0,WFJIVOKAWHGMBH-UHFFFAOYSA-N,marketed_clean
O=C(Cn1ccnc1)C12CC3CC(CC(C3)C1)C2,0,BBCQJSMDKDHVKG-UHFFFAOYSA-N,marketed_clean
CC(C)(C)O,0,DKGAVHZHDRPRBM-UHFFFAOYSA-N,marketed_clean
O=C(O)CN(CCN(CC(=O)O)CC(COP(=O)(O)OC1CCC(c2ccccc2)(c2ccccc2)CC1)N(CC(=O)O)CC(=O)O)CC(=O)O,0,NZLPWFTXPYJYSS-UHFFFAOYSA-N,marketed_clean
Oc1ccc(CCNc2nc(SCCCc3ccc(Cl)cc3)nc(N3CCNCC3)n2)cc1,0,AIBKIFHSQQYXLG-UHFFFAOYSA-N,marketed_clean
O=C(NO)C1(S(=O)(=O)c2ccc(Oc3ccc(C(F)(F)F)cc3)cc2)CCOCC1,0,FOSWRYKPHVPIDJ-UHFFFAOYSA-N,marketed_clean
Nc1nc(=O)c2ncn(CCC(CO)CO)c2[nH]1,0,JNTOCHDNEULJHD-UHFFFAOYSA-N,marketed_clean
N[C@@H](Cc1ccc2ccccc2c1)C(=O)O,0,JPZXHKDZASGCLU-LBPRGKRZSA-N,marketed_clean
CC(C)N1CC(O)c2cc(N=NC(N)=O)c(O)cc21,0,AIGVHODMVKGZDA-UHFFFAOYSA-N,marketed_clean
CCC[C@@](C)(O)[C@H]1C[C@@]23C=C[C@]1(OC)[C@@H]1Oc4c(OC(C)=O)ccc5c4[C@@]12CCN(C)[C@@H]3C5,0,LFYBMMHFJIAKFE-PMEKXCSPSA-N,marketed_clean
Nc1ccn([C@@H]2O[C@H](COP(=O)(O)O)[C@@H](O)[C@@H]2O)c(=O)n1,0,IERHLVCPSMICTF-CCXZUQQUSA-N,marketed_clean
CNC(=O)c1c(I)c(NC(C)=O)c([125I])c(C(=O)O)c1[125I],0,UXIGWFXRQKWHHA-RZILPFQRSA-N,marketed_clean
CC(NNC(=O)c1ccccc1)c1ccccc1,0,BEWNZPMDJIGBED-UHFFFAOYSA-N,marketed_clean
CC(C)=CCC/C(C)=C/CC/C(C)=C/CCN(C)CCOP(=O)(O)OP(=O)(O)O,0,OEMBPHBKZPOPBN-NWLVNBMCSA-N,marketed_clean
CN(C)[C@@H]1C(O)=C(C(=O)NCN2CCN(C(=N)NC(=N)N)CC2)C(=O)[C@@]2(O)C(O)=C3C(=O)c4c(O)cccc4[C@@](C)(O)[C@H]3C[C@@H]12,0,DIRJDIBCAHCCFL-AQFAATAFSA-N,marketed_clean
NC(=O)c1ccc2c(c1O)[C@]13CCN(CC4CC4)[C@H](C2)[C@]1(O)CCC(=O)C3,0,RYIDHLJADOKWFM-MAODMQOUSA-N,marketed_clean
OC[C@H]1O[C@@H](S[C@H]2[C@H](O)[C@@H](O)[C@H](O)O[C@@H]2CO)[C@H](O)[C@@H](O)[C@@H]1O,0,VDQIIPZYLPYPNM-QRZGKKJRSA-N,marketed_clean
Nc1nc(=S)c2[nH]cnc2[nH]1,1,WYWHKKSPHMUBEB-UHFFFAOYSA-N,tdc
CN(C)C1C(=O)C(C(N)=O)=C(O)C2(O)C(=O)C3=C(O)c4c(O)ccc(Cl)c4C(O)C3CC12,1,GUXHBMASAHGULD-UHFFFAOYSA-N,tdc
C=CCN1CCc2nc(N)sc2CC1,0,DHSSDEDRBUKTQY-UHFFFAOYSA-N,marketed_clean
O=C(/C=C(\O)c1c[nH]c2ccc(Cl)cc12)c1nn[nH]n1,0,FIBQKRNTWLEWHF-WMZJFQQLSA-N,marketed_clean
CCO/N=C(\C(=O)N[C@@H]1C(=O)N2C(C(=O)[O-])=C(Sc3nc(-c4cc[n+](C)cc4)cs3)CS[C@H]12)c1nsc(NP(=O)(O)O)n1,0,ZCCUWMICIWSJIX-NQJJCJBVSA-N,marketed_clean
CC(C)[C@H](NC(=O)OCc1ccccc1)P(=O)(O)C[C@H](C(=O)O)c1cccc(CN)c1,0,SFUOOKBZBVUDBC-VQTJNVASSA-N,marketed_clean
CCC(=O)N(c1ccccc1)C1(C(=O)OC)CCN(CCC(=O)OC)CC1,0,ZTVQQQVZCWLTDF-UHFFFAOYSA-N,marketed_clean
Nc1nc(F)nc2c1ncn2[C@@H]1O[C@H](COP(=O)(O)O)[C@@H](O)[C@@H]1O,0,GIUYCYHIANZCFB-FJFJXFQQSA-N,marketed_clean
O=C(O)[C@H](Cc1ccccc1)C[N+](=O)[O-],0,GCXOTBPCUQHSAO-SECBINFHSA-N,marketed_clean
C[C@]12CC[C@@H]3c4ccc(OC(=O)N(CCCl)CCCl)cc4CC[C@H]3[C@@H]1CC[C@@H]2O,0,FRPJXPJMRWBBIH-RBRWEJTLSA-N,marketed_clean
N[C@H]1[C@H](O)[C@@H](O)[C@@H](O)O[C@@H]1CO,0,BXZVZSSSRTUQJP-DVKNGEFBSA-N,marketed_clean
CC(=O)N[C@H]1[C@H](OCC(C)C)OC(C(=O)O)=C[C@@H]1O,0,QDVFOADQCFRSSP-MKPLZMMCSA-N,marketed_clean
CCCCCCCCCCOC[C@@H](COCC(F)(F)F)OP(=O)(O)OC,0,YBCDZAGHRGXDRX-HNNXBMFYSA-N,marketed_clean
C=C1CC[C@H](O)C/C1=C/C=C1\CCC[C@]2(C)[C@@H]([C@H](C)CC[C@@H](O)C(C)(C)O)CC[C@@H]12,0,FCKJYANJHNLEEP-XRWYNYHCSA-N,marketed_clean
NC[C@H](O)CNc1ccc([N+](=O)[O-])c2cccnc12,0,MBZPCTWLFNYBND-QMMMGPOBSA-N,marketed_clean
O=C(O)c1ccc[n+]([C@@H]2O[C@H](COP(=O)([O-])O)[C@@H](O)[C@H]2O)c1,0,JOUIQRNQJGXQDC-ZYUZMQFOSA-N,marketed_clean
O=C(c1ccccc1)c1ccc2n1CCC2C(=O)O,1,OZWKMVRBQXNZKK-UHFFFAOYSA-N,tdc
CC(C)Oc1cccc(CC(=O)N2CCC[C@@](CC[N+]34CCC(c5ccccc5)(CC3)CC4)(c3ccc(Cl)c(Cl)c3)C2)c1,0,RPDFDSQFBCJTDY-PXODCTBUSA-N,marketed_clean
O=C(O)CCc1nc(-c2ccccc2)c(-c2ccccc2)o1,1,OFPXSFXSNFPTHF-UHFFFAOYSA-N,tdc
CCCCC(NC(=O)C1[C@@H]2[C@H](CN1C(=O)C(NC(=O)NC1(CS(=O)(=O)C(C)(C)C)CCCCC1)C(C)(C)C)C2(C)C)C(=O)C(=O)NC1CC1,0,RICZEKWVNZFTNZ-IOBYQIKSSA-N,marketed_clean
CC1(C)[C@H](C(=O)O[C@H](C#N)c2cccc(Oc3ccccc3)c2)[C@@H]1C=C(Br)Br,0,OWZREIFADZCYQD-NSHGMRRFSA-N,marketed_clean
C#Cc1cccc(Nc2ncnc3cc4c(cc23)OCCOCCOCCO4)c1,0,QQLKULDARVNMAL-UHFFFAOYSA-N,marketed_clean
O=C(O)CCc1nc2ccccc2[nH]1,0,XYWJNTOURDMTPI-UHFFFAOYSA-N,marketed_clean
Brc1cnn2c(NCc3cncnc3)cc(-c3ccccc3)cc12,0,IBUPHWYGVDAASU-UHFFFAOYSA-N,marketed_clean
O=C1c2cc(-c3ccc(OC(F)(F)F)cc3)ccc2OCCN1Cc1ncccn1,0,YNUAEEJQYHYLMS-UHFFFAOYSA-N,marketed_clean
Cc1cc(Br)c(O)c(-c2nc3ccc(C(=N)N)cc3[nH]2)c1,0,XKCHOMIJYLHXLI-UHFFFAOYSA-N,marketed_clean
NS(=O)(=O)c1cccc(Nc2nccc(Nc3c(Cl)ccc4c3OCO4)n2)c1,0,TZHCXOMEOHEZDX-UHFFFAOYSA-N,marketed_clean
CC(C)(C)CC(C)(C)c1ccc(OCCOCCOCCOCCOCCOCCOCCOCCOCCOCCOCCOCCOCCOCCOCCOCCOCCOCCOCCOCCOCCOCCOCCOCCOCCOCCOCCOCCOCCOCCO)cc1,0,WEGJDERSZWOWIB-UHFFFAOYSA-N,marketed_clean
Nc1[nH]c(=O)ncc1F,1,XRECTZIEBJDKEO-UHFFFAOYSA-N,tdc
NC(=O)c1cccc(C2C[C@H]3CC[C@@H](C2)N3CCN(CC2CCCCC2)C(=O)[C@@H](O)CO)c1,0,ATLYLVPZNWDJBW-NHYNNZIHSA-N,marketed_clean
NC1CCCCC1N.O=C([O-])C(=O)[O-].[Pt+2],1,ZROHGHOFXNOHSO-UHFFFAOYSA-L,tdc
CCC(=O)C(CCN(C)C)(c1ccccc1)c1ccccc1,0,WCJFBSYALHQBSK-UHFFFAOYSA-N,marketed_clean
CO[C@@H]1[C@@H](O[C@@H]2O[C@H](C)[C@@H](O[C@H]3C[C@@](C)(O)[C@@H](O)[C@H](C)O3)[C@H](N(C)C)[C@H]2O)[C@@H](CC=O)C[C@@H](C)[C@@H](O[C@H]2CC[C@H](N(C)C)[C@@H](C)O2)/C=C/C=C/C[C@@H](C)OC(=O)C[C@H]1OC(C)=O,0,ZPCCSZFPOXBNDL-ZSTSFXQOSA-N,marketed_clean
COc1cc(OC)c(/C=C2/C(=O)Nc3ccccc32)c(OC)c1,0,JBJYTZXCZDNOJW-JLHYYAGUSA-N,marketed_clean
CN(C)C(C)(C)COC(=O)C(O)(c1ccccc1)c1ccccc1,0,GUONSMXZEYTWML-UHFFFAOYSA-N,marketed_clean
Cc1ncc([N+](=O)[O-])n1CCO,1,VAOCPAMSLUNLGC-UHFFFAOYSA-N,tdc
COc1cc(Cc2cnc(N)nc2N)cc(OC)c1OC,1,IEDVJHCEMCRBQM-UHFFFAOYSA-N,tdc
CN1C2CCC(C)(C)C1CC(OC(=O)C(O)(c1cccs1)c1cccs1)C2,0,AMHPTVWBZSYFSS-UHFFFAOYSA-N,marketed_clean
CC(C)CN(C[C@@H](O)[C@H](Cc1ccccc1)NC(=O)O[C@H]1CO[C@H]2OCC[C@H]21)S(=O)(=O)c1ccc2nc(NC3CCN(C4CCCC4)CC3)sc2c1,0,JQUNFHFWXCXPRK-AMMMHQJVSA-N,marketed_clean
C=CC(=O)N1CCC(CNc2ncnc(N)c2-c2ccc(Oc3ccccc3)cc2)CC1,0,QUIWHXQETADMGN-UHFFFAOYSA-N,marketed_clean
NC(=NCCC[C@H](N)C(=O)O)N[N+](=O)[O-],0,MRAUNPAHJZDYCK-BYPYZUCNSA-N,marketed_clean
C=C[C@@H](N)C(=O)O,0,RQVLGLPAZTUBKX-GSVOUGTGSA-N,marketed_clean
O=S(=O)(N[C@H](CO)C(C(F)(F)F)C(F)(F)F)c1ccc(Cl)s1,0,PSXOKXJMVRSARX-SCSAIBSYSA-N,marketed_clean
Oc1cccc2cccnc12,1,MCJGNVYPOGVAJF-UHFFFAOYSA-N,tdc
COc1ccccc1OCC(O)CO,0,HSRJKNPTNIJEKV-UHFFFAOYSA-N,tdc
CC(C)=CCC[C@](C)(O[C@@H]1O[C@H](CO[C@@H]2O[C@H](CO)[C@@H](O)[C@H](O)[C@H]2O)[C@@H](O)[C@H](O)[C@H]1O)[C@H]1CC[C@]2(C)[C@@H]1[C@H](O)C[C@@H]1[C@@]3(C)CC[C@H](O[C@@H]4O[C@H](CO)[C@@H](O)[C@H](O)[C@H]4O[C@@H]4O[C@H](CO)[C@@H](O)[C@H](O)[C@H]4O)C(C)(C)[C@@H]3CC[C@]12C,0,GZYPWOGIYAIIPV-JBDTYSNRSA-N,marketed_clean
NC(=O)N[C@@H](CCC(=O)O)C(=O)O,0,LCQLHJZYVOQKHU-VKHMYHEASA-N,marketed_clean
COC(=O)C1=C(C)NC(C)=C(C(=O)O[C@H]2CCN(Cc3ccccc3)C2)[C@H]1c1cccc([N+](=O)[O-])c1,0,VXMOONUMYLCFJD-DHLKQENFSA-N,marketed_clean
OCCN(CCO)c1nc(N2CCCCC2)c2nc(N(CCO)CCO)nc(N3CCCCC3)c2n1,1,IZEKFCXSFNUWAM-UHFFFAOYSA-N,tdc
O=C(c1cc(O)c(O)c(O)c1)c1ccc(O)c(O)c1O,1,XEDWWPGWIXPVRQ-UHFFFAOYSA-N,tdc
CCN1CCCC1CNC(=O)c1cc(S(N)(=O)=O)ccc1OC,0,BGRJTUBHPOOWDU-UHFFFAOYSA-N,marketed_clean
Nc1[nH]c(=O)[nH]c(=O)c1N,0,BBTNLADSUVOPPN-UHFFFAOYSA-N,marketed_clean
COc1ccccc1Oc1c(NS(=O)(=O)c2ccc(C(C)(C)C)cc2)nc(-c2ncccn2)nc1OCCO,1,GJPICJJJRGTNOD-UHFFFAOYSA-N,tdc
Nc1nc(NC2CC2)c2ncn([C@H]3C=C[C@@H](CO)C3)c2n1,0,MCGSCOLBFJQGHM-SCZZXKLOSA-N,marketed_clean
O=C(O[C@H]1[C@H](OC(=O)c2cccnc2)[C@@H](OC(=O)c2cccnc2)[C@H](OC(=O)c2cccnc2)[C@@H](OC(=O)c2cccnc2)[C@H]1OC(=O)c1cccnc1)c1cccnc1,0,MFZCIDXOLLEMOO-GYSGTQPESA-N,marketed_clean
C[C@H](O)[C@H](O)[C@H]1CNc2nc(N)nc(N)c2N1,0,NDSDGUULXHNXGA-RPDRRWSUSA-N,marketed_clean
O=C([C@@H]1CCCN1)N1CCC[C@H]1B(O)O,0,XSBZZZGVAIXJLD-YUMQZZPRSA-N,marketed_clean
CC(C)CC(NC(=O)C(Cc1ccccc1)NC(=O)c1cnccn1)B(O)O,1,GXJABQQUPOEUTA-UHFFFAOYSA-N,tdc
N[C@@H](CCCCC(=O)O)C(=O)O,0,JUQLUIFNNFIIKC-YFKPBYRVSA-N,marketed_clean
CC(C)NCC(O)COc1ccc(COCCOC(C)C)cc1,0,VHYCDWMUTMEGQY-UHFFFAOYSA-N,marketed_clean
C[C@]12CC[C@@H](O)C[C@@H]1CC[C@@H]1[C@@H]2CC[C@@]2(C)[C@H]1CC[C@]2(C)O,0,QGKQXZFZOIQFBI-XSWYFRFISA-N,marketed_clean
CCCCNCC(O)c1ccc(O)cc1,0,RDUHXGIIUDVSHR-UHFFFAOYSA-N,marketed_clean
COC(=O)c1ccccc1O,0,OSWPMRLSEDHDFF-UHFFFAOYSA-N,marketed_clean
CC(=O)[C@H]1CC[C@H]2[C@@H]3C[C@H](C)C4=CC(=O)CC[C@]4(C)[C@H]3[C@@H](O)C[C@]12C,0,GZENKSODFLBBHQ-ILSZZQPISA-N,marketed_clean
CN1C2CCC1CC(OC(c1ccccc1)c1ccccc1)C2,0,GIJXKZJWITVLHI-UHFFFAOYSA-N,tdc
C[C@@H](O)[C@@H](O)c1cnc2nc(N)[nH]c(=O)c2n1,0,LHQIJBMDNUYRAM-AWFVSMACSA-N,marketed_clean
CCCCCCCCCCCCC/C=C/[C@@H](O)[C@@H](N)CO,0,WWUZIQQURGPMPG-KRWOKUGFSA-N,marketed_clean
COc1ccc(C2CNC(=O)C2)cc1OC1CCCC1,0,HJORMJIFDVBMOB-UHFFFAOYSA-N,marketed_clean
CCCCCCCCCCCC(=O)OCCNC(=O)C[n+]1ccccc1,0,UGJWZYARKOFRDB-UHFFFAOYSA-O,marketed_clean
CCCCC1C(=O)N(c2ccccc2)N(c2ccccc2)C1=O,1,VYMDGNCVAMGZFE-UHFFFAOYSA-N,tdc
NS(=O)(=O)c1cc2c(cc1Cl)NCNS2(=O)=O,1,JZUFKLXOESDKRF-UHFFFAOYSA-N,tdc
O=C(O)COc1cccc2ccccc12,0,GHRYSOFWKRRLMI-UHFFFAOYSA-N,marketed_clean
O=C(O)c1cc(-c2ccccc2)nc2ccccc12,1,YTRMTPPVNRALON-UHFFFAOYSA-N,tdc
C[C@H](CCC(=O)NCC(=O)O)[C@H]1CC[C@H]2[C@@H]3[C@H](O)C[C@@H]4C[C@H](O)CC[C@]4(C)[C@H]3C[C@H](O)[C@]12C,0,RFDAIACWWDREDC-FRVQLJSFSA-N,marketed_clean
CCOc1cc2ncnc(Nc3cccc(-c4csc(CO)n4)c3)c2cc1OCC,0,ZJESXGUODSBHSK-UHFFFAOYSA-N,marketed_clean
Cn1nnnc1SCC1=C(C(=O)O)N2C(=O)C(NC(=O)C(O)c3ccccc3)C2SC1,1,OLVCFLKTBJRLHI-UHFFFAOYSA-N,tdc
COc1cc2nc(N(C)CCCNC(=O)C3CCCO3)nc(N)c2cc1OC,0,WNMJYKCGWZFFKR-UHFFFAOYSA-N,marketed_clean
CN1C(=O)CN=C(c2ccccc2)c2cc([N+](=O)[O-])ccc21,0,GWUSZQUVEVMBPI-UHFFFAOYSA-N,marketed_clean
O=C(NC(=O)c1c(F)cccc1F)Nc1ccc(Cl)c(Oc2ncc(C(F)(F)F)cc2Cl)c1,0,YOWNVPAUWYHLQX-UHFFFAOYSA-N,marketed_clean
O=[N+]([O-])c1ccc(O)c([N+](=O)[O-])c1,0,UFBJCMHMOXMLKC-UHFFFAOYSA-N,marketed_clean
CN1C(=C(O)Nc2ccccn2)C(=O)c2ccccc2S1(=O)=O,1,LDJVNWFKNMYYNT-UHFFFAOYSA-N,tdc
Cn1cc(C2=C(c3cn(C4CCN(Cc5ccccn5)CC4)c4ccccc34)C(=O)NC2=O)c2ccccc21,0,AXRCEOKUDYDWLF-UHFFFAOYSA-N,marketed_clean
CC(=O)OC1CN2CCC1CC2,0,WRJPSSPFHGNBMG-UHFFFAOYSA-N,marketed_clean
COc1ccnc2[nH]cc(-c3ccnc(N)n3)c12,0,GGEWEQJWGGJUHO-UHFFFAOYSA-N,marketed_clean
CC1(C)S[C@@H]2[C@H](NC(=O)[C@H](NC(=O)c3cnc4cccnc4c3O)c3ccccc3)C(=O)N2[C@H]1C(=O)O,0,XMQVYNAURODYCQ-SLFBBCNNSA-N,marketed_clean
Cc1ccc(COC(=O)N2CC[C@H](CNc3ncccn3)[C@H](F)C2)cc1,0,RECBFDWSXWAXHY-IAGOWNOFSA-N,marketed_clean
CC(C)(CO)c1cc2cc(NC(=O)C3(c4ccc5c(c4)OC(F)(F)O5)CC3)c(F)cc2n1C[C@@H](O)CO,0,MJUVRTYWUMPBTR-MRXNPFEDSA-N,marketed_clean
Cc1nnc(NS(=O)(=O)c2ccc(N)cc2)s1,1,VACCAVUAMIDAGB-UHFFFAOYSA-N,tdc
N=C(N)c1ccc2nc(C(=O)c3nc4ccc(C(=N)N)cc4[nH]3)[nH]c2c1,0,VVVXDHROXQUONB-UHFFFAOYSA-N,marketed_clean
CCCCCCCCCCCCCCCCCC(=O)NCCCC[C@H](NC(=O)CC[C@@H](NC(=O)[C@H](C)NC(=O)[C@@H](C)O[C@H]1[C@H](O)[C@@H](CO)OC(O)[C@@H]1NC(C)=O)C(N)=O)C(=O)O,0,FKHUGQZRBPETJR-FZKCHLSLSA-N,marketed_clean
CCC(=O)c1ccc2c(c1)N(CCCN1CCN(CCO)CC1)c1ccccc1S2,0,XZSMZRXAEFNJCU-UHFFFAOYSA-N,marketed_clean
CCCCC/C=C\C/C=C\C/C=C\C/C=C\CCCC(=O)O,0,YZXBAPSDXZZRGB-DOFZRALJSA-N,marketed_clean
NC1(Cc2ccc(Cl)cc2)CCN(c2ncnc3[nH]ccc23)CC1,0,RZIDZIGAXXNODG-UHFFFAOYSA-N,marketed_clean
Fc1ccc(C(c2ccc(F)cc2)N2CCN(C/C=C/c3ccccc3)CC2)cc1,0,SMANXXCATUTDDT-QPJJXVBHSA-N,marketed_clean
O=C(O)C1=CC(=NNc2ccc(S(=O)(=O)Nc3ccccn3)cc2)C=CC1=O,1,OQANPHBRHBJGNZ-UHFFFAOYSA-N,tdc
C#CCN1C(=O)CN=C(c2ccccc2)c2cc(Cl)ccc21,0,MFZOSKPPVCIFMT-UHFFFAOYSA-N,marketed_clean
CSc1ccc(Oc2ccc(S(N)(=O)=O)cc2CN(C)C)cc1,0,VCNSPGHSQPMCFF-UHFFFAOYSA-N,marketed_clean
Nc1ncnc2c1ncn2[C@@H]1O[C@H](COP(=O)(O)CP(=O)(O)O)[C@@H](O)[C@H]1O,0,OLCWZBFDIYXLAA-IOSLPCCCSA-N,marketed_clean
CCCCCCCCc1ccc2n1[B-](F)(F)[N+]1=C(CCCCC(=O)O)C=CC1=C2,0,JNKJCLYKBRBEKW-UHFFFAOYSA-N,marketed_clean
CN1c2ccccc2C(NCCCCCCC(=O)O)c2ccc(Cl)cc2S1(=O)=O,1,JICJBGPOMZQUBB-UHFFFAOYSA-N,tdc
CC(C(=O)O)c1cccc(C(=O)c2ccccc2)c1,1,DKYWVDODHFEZIM-UHFFFAOYSA-N,tdc
Cn1cc(-c2ccc3nnc(C(F)(F)c4ccc5ncccc5c4)n3n2)cn1,0,JRWCBEOAFGHNNU-UHFFFAOYSA-N,marketed_clean
CC(CCN1CCOCC1)OC(=O)C1(c2ccccc2)CCOCC1,0,RDEOYUSTRWNWLX-UHFFFAOYSA-N,marketed_clean
CNC[C@H](O)c1ccc(O)c(O)c1,0,UCTWMZQNUQWSLP-VIFPVBQESA-N,marketed_clean
COC(=O)OCOc1c2n(ccc1=O)N([C@@H]1c3ccccc3SCc3c1ccc(F)c3F)[C@@H]1COCCN1C2=O,0,RZVPBGBYGMDSBG-GGAORHGYSA-N,marketed_clean
COC(=O)[C@H](c1ccccc1)[C@H]1CCCCN1,0,DUGOZIWVEXMGBE-CHWSQXEVSA-N,marketed_clean
CCN(CC)CCNC(=O)c1c(C)[nH]c(C=C2C(=O)Nc3ccc(F)cc32)c1C,1,WINHZLLDWRZWRT-UHFFFAOYSA-N,tdc
CCCCCC/C=C\CCCCCCCC(=O)O,0,SECPZKHBENQXJG-FPLPWBNLSA-N,marketed_clean
CC=CC(=O)N(CC)c1ccccc1C,0,DNTGGZPQPQTDQF-UHFFFAOYSA-N,marketed_clean
N=C(N)NNCCOc1c(Cl)cccc1Cl,0,XIHXRRMCNSMUET-UHFFFAOYSA-N,marketed_clean
C[C@@H]1C[C@H]2[C@@H]3C[C@H](F)C4=CC(=O)C=C[C@]4(C)[C@H]3[C@@H](O)C[C@]2(C)[C@H]1C(=O)C(=O)O,0,PUWHHWCHAVXSIG-NCLPIGKXSA-N,marketed_clean
O=C(O)[C@@H]1C[C@H]2C[C@@H](CCc3nn[nH]n3)CC[C@H]2CN1,0,ZXFRFPSZAKNPQQ-YTWAJWBKSA-N,marketed_clean
Cc1nc(N)nc2c1CSCC2,0,ONZWAEXRMZGFAN-UHFFFAOYSA-N,marketed_clean
O=C[C@H](CC(=O)O)NC(=O)c1cncc(-c2ccc(C(=O)O)cc2)c1,0,JNRAPROKLOUIRA-AWEZNQCLSA-N,marketed_clean
Cc1cc2nc3c(=O)[nH]c(=O)nc-3n(C[C@H](O)[C@H](O)[C@H](O)COP(=O)(O)OP(=O)(O)OC[C@H]3O[C@@H](n4cnc5c(N)ncnc54)[C@H](O)[C@@H]3O)c2cc1N(C)C,0,UXOZEHHQWXVTPI-MZWSMYJRSA-N,marketed_clean
COc1ccc(CCC(C)NCC(O)c2ccc(O)c(S(C)=O)c2)cc1,0,PAQZZCOZHPGCFW-UHFFFAOYSA-N,marketed_clean
COc1ccc(-c2c(-c3ccc(O)cc3O)n[nH]c2C)cc1,0,GSBFARPNIZUMHA-UHFFFAOYSA-N,marketed_clean
Cc1ccnc2c1NC(=O)c1cccnc1N2C1CC1,1,NQDJXKOVJZTUJA-UHFFFAOYSA-N,tdc
C[C@H]1O[C@@H](Oc2ccccc2[N+](=O)[O-])[C@H](O)[C@@H](O)[C@H]1O,0,SWRPIVXPHLYETN-BVWHHUJWSA-N,marketed_clean
CC(C)c1nc(CN(C)C(=O)NC(C(=O)NC(Cc2ccccc2)CC(O)C(Cc2ccccc2)NC(=O)OCc2cncs2)C(C)C)cs1,1,NCDNCNXCDXHOMX-UHFFFAOYSA-N,tdc
Cn1c(C(=O)NCCO)c(Br)c2c3c(c(-c4ccccc4Cl)cc21)C(=O)NC3=O,0,XUAHLMVOYLUYSB-UHFFFAOYSA-N,marketed_clean
COc1ccc(S(=O)(=O)[C@H](CC(=O)O)C(F)F)cc1,0,OBQLOVWIRUXBAW-SECBINFHSA-N,marketed_clean
COc1cc(C(=O)NS(=O)(=O)c2ccccc2C)ccc1Cc1cn(C)c2ccc(NC(=O)OC3CCCC3)cc12,1,YEEZWCHGZNKEEK-UHFFFAOYSA-N,tdc
CCCC(=O)O[C@H]1CN2CC[C@H](O)[C@@H]2[C@@H](O)[C@@H]1O,0,HTJGLYIJVSDQAE-VWNXEWBOSA-N,marketed_clean
C=CCOc1ccc(CC(=O)O)cc1Cl,1,ARHWPKZXBHOEEE-UHFFFAOYSA-N,tdc
C[C@H](N[C@@H](CCc1ccccc1)C(=O)O)C(=O)N1CCC[C@H]1C(=O)O,0,LZFZMUMEGBBDTC-QEJZJMRPSA-N,marketed_clean
COc1ccc(Cc2nccc3cc(OC)c(OC)cc23)cc1OC,0,XQYZDYMELSJDRZ-UHFFFAOYSA-N,marketed_clean
Clc1cc(Cl)c2c(c1)CCc1ccccc1C2n1ccnc1,0,MPTJIDOGFUQSQH-UHFFFAOYSA-N,marketed_clean
Cc1cc(Nc2ncc(F)c(N[C@H]3[C@@H](C(N)=O)[C@@H]4C=C[C@H]3C4)n2)ccc1N1CCN(C)CC1,0,KSOVGRCOLZZTPF-QMKUDKLTSA-N,marketed_clean
NCc1ccc(-c2cccs2)s1,0,FHYTVXBZSXZMGD-UHFFFAOYSA-N,marketed_clean
[Ti],0,RTAQQCXQSZGOHL-UHFFFAOYSA-N,marketed_clean
O=P1(N(CCCl)CCCl)OCCCN1CCCl,0,UMKFEPPTGMDVMI-UHFFFAOYSA-N,marketed_clean
CC(C)Oc1ccc(-c2nc(-c3cccc4c3CC[C@@H]4NCCO)no2)cc1C#N,0,XRVDGNKRPOAQTN-FQEVSTJZSA-N,marketed_clean
Clc1cccc(-c2cc(NCc3ccncc3)n3nccc3n2)c1Cl,0,CVYWYUAQFJMLEO-UHFFFAOYSA-N,marketed_clean
Nc1ccn(C2CCC(CO)O2)c(=O)n1,1,WREGKURFCTUGRC-UHFFFAOYSA-N,tdc
CCCCCCCCCC(=O)O,0,GHVNFZFCNZKVNT-UHFFFAOYSA-N,marketed_clean
CCCC(=O)C1=C(O)C(Cc2c(OC)cc(O)c(C(=O)CCC)c2O)=C(O)C(C)(C)C1=O,0,XDIZFCKCCMUFFG-UHFFFAOYSA-N,marketed_clean
CCOC(=O)Nc1ccc(NCc2ccc(F)cc2)cc1N,0,PCOBBVZJEWWZFR-UHFFFAOYSA-N,marketed_clean
CC(C)c1sc(NC(=O)c2cc(NC(=O)c3cc(NC=O)cn3C)cn2C)nc1C(=O)NCCCN(C)C,0,VDYCDKRATGWFDA-UHFFFAOYSA-N,marketed_clean
O=C(O)[C@@H]1O[Sb]2(O[Sb]34O[C@H]([C@H](O)CO)[C@H](O3)[C@H](C(=O)O)O4)O[C@H]([C@H](O)CO)[C@@H]1O2,0,MNNVVPGDXDZDBM-SYAJEJNSSA-N,marketed_clean
CCCCN1C(=O)C(C(O)C2CCCCC2)NC(=O)C12CCN(Cc1ccc(Oc3ccc(C(=O)O)cc3)cc1)CC2,1,GWNOTCOIYUNTQP-UHFFFAOYSA-N,tdc
CC(C)n1c(/C=C/C(O)CC(O)CC(=O)O)c(-c2ccc(F)cc2)c2ccccc21,0,FJLGEFLZQAZZCD-VAWYXSNFSA-N,marketed_clean
C[C@@](O)(CBr)CCOP(=O)(O)OP(=O)(O)O,0,YKAYCWPQDPILSA-YFKPBYRVSA-N,marketed_clean
Cc1c2c(nn1C)CSCc1cc(n(C)n1)CSc1cc(c3ccccc3c1)OCCCc1c(C(=O)O)n(C)c3c-2c(Cl)ccc13,0,KBQCEQAXHPIRTF-UHFFFAOYSA-N,marketed_clean
Cl[Ra]Cl,0,RWRDJVNMSZYMDV-UHFFFAOYSA-L,marketed_clean
O=C(O)CO/N=C1\C2=CC=CCC2=N\C1=C1/C(=O)N=C2CC=CC=C21,0,BFQRPTKOSYMPOL-LALPNIDTSA-N,marketed_clean
O=C1NC(=O)[C@@H](c2cn3c4c(cccc24)CCC3)[C@@H]1c1c[nH]c2ccccc12,0,UCEQXRCJXIVODC-PMACEKPBSA-N,marketed_clean
COC(=O)CC[C@@H]1N=C(c2ccccn2)c2cc(Br)ccc2-n2c(C)cnc21,0,CYHWMBVXXDIZNZ-KRWDZBQOSA-N,marketed_clean
[2H]C([2H])([2H])C(c1cc(C(C)(C)C)c(NC(=O)c2c[nH]c3ccccc3c2=O)cc1O)(C([2H])([2H])[2H])C([2H])([2H])[2H],0,PURKAOJPTOLRMP-ASMGOKTBSA-N,marketed_clean
CCc1cc(-c2[nH]ncc2-c2cnc[nH]2)c(O)cc1O,0,ATORUNMAUREKMH-UHFFFAOYSA-N,marketed_clean
CC[C@H]1C[C@H]2[C@@H]3CCC4=CC(=O)CC[C@@H]4[C@H]3CC[C@]2(C)[C@H]1O,0,FCKLFGKATYPJPG-SSTBVEFVSA-N,marketed_clean
CC(C)N(C(=O)c1ccc(Cl)cc1Cl)c1cc(-c2ccccc2)sc1C(=O)O,0,UKNZREOUDLFUFF-UHFFFAOYSA-N,marketed_clean
OC[C@H]1O[C@H](S)[C@H](O)[C@@H](O)[C@@H]1S,0,MUOMBPNNVXJUGT-QZABAPFNSA-N,marketed_clean
Nc1nc2c(c(=O)[nH]1)C[C@@H](CCc1ccc(C(=O)N[C@@H](CCC(=O)O)C(=O)O)cc1)CN2,0,ZUQBAQVRAURMCL-DOMZBBRYSA-N,marketed_clean
CCOC(=O)C(C)(C)NP(=O)(NC(C)(C)C(=O)OCC)c1ccc(-c2nc(N)sc2C(=O)C(C)(C)C)o1,0,CTKZZUXRWBCFEI-UHFFFAOYSA-N,marketed_clean
Nc1ccccc1NC(=O)c1ccc(CNC(=O)OCc2cccnc2)cc1,0,INVTYAOGFAGBOE-UHFFFAOYSA-N,marketed_clean
COC(=O)Nc1nc2ccc(C(=O)c3ccccc3)cc2[nH]1,1,OPXLLQIJSORQAM-UHFFFAOYSA-N,tdc
COc1nc(C(Cl)(Cl)Cl)c(Cl)c(OC)c1Cl,0,DZVPGIORVGSQMC-UHFFFAOYSA-N,marketed_clean
COC1=CC(=O)CC(C)C12Oc1c(Cl)c(OC)cc(OC)c1C2=O,1,DDUHZTYCFQRHIY-UHFFFAOYSA-N,tdc
C[C@@H](N[C@@H](CCc1ccccc1)C(=O)N[C@@H](CCCN=C(N)N)C(=O)Nc1ccccc1)C(=O)O,0,HDGWGGCPTVXRNA-QMMLZNLJSA-N,marketed_clean
C[C@H](C(=O)O)c1ccc(C(=O)c2ccc(I)s2)cc1,0,UIZPHGUBGPJBAR-QMMMGPOBSA-N,marketed_clean
N[C@@H](Cc1ccc([N+]([O-])(CCCl)CCCl)cc1)C(=O)O,0,GSKQMLGAUOTSKT-LBPRGKRZSA-N,marketed_clean
CN(C)CCn1nnnc1SCC1=C(C(=O)O)N2C(=O)C(NC(=O)Cc3csc(N)n3)C2SC1,1,QYQDKDWGWDOFFU-UHFFFAOYSA-N,tdc
CN(c1nc2ccccc2s1)C1CCN(C[C@H](O)COc2ccc(F)c(F)c2)CC1,0,OZFSWVOEXHGDES-INIZCTEOSA-N,marketed_clean
O=C(O)[C@H](O)COP(=O)(O)O,0,OSJPPGNTCRNQQC-UWTATZPHSA-N,marketed_clean
COc1ccc(CC(N)C(=O)NC2C(CO)OC(n3cnc4c(N(C)C)ncnc43)C2O)cc1,1,RXWNCPJZOCPEPQ-UHFFFAOYSA-N,tdc
Oc1ccc(O)cc1,0,QIGBRXMKCJKVMJ-UHFFFAOYSA-N,marketed_clean
CON[C@H]1C[C@H](C(=O)NO)N(S(=O)(=O)c2ccc(OC)cc2)C1,0,OJLWCTMBGWSVFC-JOYOIKCWSA-N,marketed_clean
CC(=O)O[C@]1(C(C)=O)CC[C@H]2[C@@H]3C[C@H](C)C4=CCCC[C@]4(C)[C@H]3CC[C@@]21C,0,KDLNOQQQEBKBQM-DICPTYMLSA-N,marketed_clean
CCO[C@@H](Cc1ccc(OCCn2c(C)ccc2-c2ccc(SC)cc2)cc1)C(=O)O,0,MRWFZSLZNUJVQW-DEOSSOPVSA-N,marketed_clean
O=C[C@H](O)[C@@H](O)[C@@H](CO)O[C@@H]1O[C@H](CO)[C@H](O)[C@H](O)[C@H]1O,0,BYZQBCIYLALLPA-NOPGXMAYSA-N,marketed_clean
CS(=O)(=O)Nc1ccc([N+](=O)[O-])cc1Oc1ccccc1,1,HYWYRSMBCFDLJT-UHFFFAOYSA-N,tdc
Cn1cnc([N+](=O)[O-])c1Sc1ncnc2nc[nH]c12,1,LMEKQMALGUDUQG-UHFFFAOYSA-N,tdc
O=C(O)c1cccnc1,1,PVNIIMVLHYAWGP-UHFFFAOYSA-N,tdc
c1ccc(CN(CC2=NCCN2)c2ccccc2)cc1,0,REYFJDPCWQRWAA-UHFFFAOYSA-N,marketed_clean
CC(C)(C)NCC(O)COc1ccccc1OCC1CCCO1,0,AKLNLVOZXMQGSI-UHFFFAOYSA-N,marketed_clean
CCCCCCCCCCC[N+](C)(C)[O-],0,OZHBUVQCJMARBN-UHFFFAOYSA-N,marketed_clean
OC1C(O)C(O)C(O)C(O)C1O,0,CDAISMWEOUEBRE-UHFFFAOYSA-N,tdc
Cc1cnc(C(=O)NCCc2ccc(S(=O)(=O)NC(=O)NC3CCCCC3)cc2)cn1,0,ZJJXGWJIGJFDTL-UHFFFAOYSA-N,marketed_clean
CCC[C@H](c1ccc(C(=O)NCCC(=O)O)cc1)[C@H](c1ccc(Cl)cc1)c1c[nH]c2c(F)cc(C)cc12,0,FYRJJCYFYLLOSC-LXFBAYGMSA-N,marketed_clean
CCn1cc(C(=O)O)c(=O)c2ccc(C)nc21,1,MHWLWQUZZRMNGJ-UHFFFAOYSA-N,tdc
Cc1cn2nc(-c3cc(=O)n4cc(N5CCNC6(CC6)C5)ccc4n3)cc(C)c2n1,0,ASKZRYGFUPSJPN-UHFFFAOYSA-N,marketed_clean
CC(C(=O)O)c1cccc(Oc2ccccc2)c1,1,RDJGLLICXDHJDY-UHFFFAOYSA-N,tdc
CN(C(=O)CCCC(=O)O)c1c(I)cc(I)c(N)c1I,0,QIFJTEYRIMDFPK-UHFFFAOYSA-N,marketed_clean
C#CC1(O)CCC2C3CCC4=CC(=O)CCC4C3CCC21C,0,VIKNJXKGJWUCNN-UHFFFAOYSA-N,tdc
CC(C)(C)C(=O)OCC(C)(C)[C@@H](O)C(=O)NCCC(=O)NCCO,0,BUEKNBNKVUKNIB-LBPRGKRZSA-N,marketed_clean
CC[C@@H]1[C@@H]2CN(C(=O)[C@H](C(C)(C)C)NC(=O)O[C@@H]3C[C@H]3CCCCC(F)(F)c3nc4ccc(OC)cc4nc3O2)[C@@H]1C(=O)N[C@]1(C(=O)NS(=O)(=O)C2(C)CC2)C[C@H]1C(C)C,0,MKDALIOACIEUJM-XCFCBFDASA-N,marketed_clean
COC(=O)C1=C(C)NC(C)=C(C(=O)O[C@@H]2CCCN(Cc3ccccc3)C2)C1c1cccc([N+](=O)[O-])c1,0,QZVNQOLPLYWLHQ-GEPVFLLWSA-N,marketed_clean
CCCCN1C[C@H](OC(=O)CCC)[C@@H](OC(=O)CCC)[C@H](OC(=O)CCC)[C@H]1COC(=O)CCC,0,MKGDNVHZSCXBKR-KYVQNOJUSA-N,marketed_clean
CC[C@@H]1C(=O)N(C)c2cnc(Nc3ccc(C(=O)NC4CCC(N5CCN(CC6CC6)CC5)CC4)cc3OC)nc2N1C(C)C,0,SXNJFOWDRLKDSF-XKHVUIRMSA-N,marketed_clean
Cc1cn([C@H]2C[C@H](O)[C@@H](COP(O)(O)=S)O2)c(=O)[nH]c1=O,0,OJRKJKYGUAALCJ-XLPZGREQSA-N,marketed_clean
Cc1cc(/C=C/c2ccccc2)cc(C)c1O,0,PAHKYLUYTGBFNW-CMDGGOBGSA-N,marketed_clean
CCCCCCCCCCCCCCCCOCCCOP(=O)(O)CO[C@H](C)Cn1cnc2c(N)ncnc21,0,SCTJKHUUZLXJIP-RUZDIDTESA-N,marketed_clean
CN(CC(=O)O)C(=N)N,0,CVSVTCORWBXHQV-UHFFFAOYSA-N,marketed_clean
O=C(O)CS,0,CWERGRDVMFNCDR-UHFFFAOYSA-N,marketed_clean
CN,0,BAVYZALUXZFZLV-UHFFFAOYSA-N,marketed_clean
Nc1ccc(S(N)(=O)=O)cc1,1,FDDDEECHVMSUSB-UHFFFAOYSA-N,tdc
CC[C@H](CO)Nc1nc(NCc2ccc(-c3ccccn3)cc2)c2ncn(C(C)C)c2n1,0,HOCBJBNQIQQQGT-LJQANCHMSA-N,marketed_clean
O=C(O)CCCCP(=O)(O)Oc1ccc([N+](=O)[O-])cc1,0,XVVZSEXTAACTPS-UHFFFAOYSA-N,marketed_clean
CC(N)C(=O)O,0,QNAYBMKLOCPYGJ-UHFFFAOYSA-N,marketed_clean
CO[C@@H]1O[C@@H]2CO[C@@](C)(C(=O)O)O[C@@H]2[C@H](O)[C@H]1O,0,ZDZVLEQWFATHTF-IJWOWSJNSA-N,marketed_clean
NC(=O)C1=C(O)[C@@]2(O)C(=O)C3=C(O)c4c(O)cccc4C[C@H]3C[C@H]2CC1=O,0,NBRQRXRBIHVLGI-OWXODZSWSA-N,marketed_clean
c1ccc(-c2cc(-c3ccncc3)c(N3CCN(c4ncccn4)CC3)nn2)cc1,0,ZPJGUEPHFXPAQF-UHFFFAOYSA-N,marketed_clean
CCc1cccc2c3c([nH]c12)C(CC)(CC(=O)O)OCC3,1,NNYBQONXHNTVIJ-UHFFFAOYSA-N,tdc
CC(c1cc2ccccc2s1)N(O)C(N)=O,1,MWLSOWXNZPKENC-UHFFFAOYSA-N,tdc
Cc1cc(=O)n(-c2ccccc2)n1C,0,VEQOALNAAJBPNY-UHFFFAOYSA-N,marketed_clean
OC[C@H]1O[C@@H](n2cnc3c([Se])ncnc32)[C@H](O)[C@@H]1O,0,LMKZMWVWAYJKQL-KQYNXXCUSA-N,marketed_clean
CNCc1cc(=O)oc2cc(OCc3cccc(Cl)c3)ccc12,0,JMGUSOLCNQVZCT-UHFFFAOYSA-N,marketed_clean
CCCCCCCCCCCC(=O)OCC(O)COP(=O)(O)OCC[N+](C)(C)C,0,BWKILASWCLJPBO-UHFFFAOYSA-O,marketed_clean
Cc1cc2n(C[C@H](O)[C@H](O)[C@H](O)COP(=O)(O)OP(=O)(O)OC[C@H]3O[C@@H](n4cnc5c(N)ncnc54)[C@H](O)[C@@H]3O)c3[nH]c(=O)[nH]c(=O)c3nc-2c(=O)c1C,0,UEPZLIXOILSTAA-OKXKTURISA-N,marketed_clean
Cc1nc2c(O)cccc2c(=O)[nH]1,0,YJDAOHJWLUNFLX-UHFFFAOYSA-N,marketed_clean
O=C1CS[C@@H](c2cccc(Br)c2)N1c1cc(Cl)ccc1O,0,KEGQNJITMFBVAC-HNNXBMFYSA-N,marketed_clean
CC1(C)O[C@@H]2C[C@H]3[C@@H]4CCC5=CC(=O)C=C[C@]5(C)[C@@]4(F)[C@@H](O)C[C@]3(C)[C@]2(C(=O)CO)O1,0,YNDXUCZADRHECN-JNQJZLCISA-N,marketed_clean
CC(C)c1c(C(=O)Nc2ccccc2)c(-c2ccccc2)c(-c2ccc(F)cc2)n1CCC(O)CC(O)CC(=O)O,1,XUKUURHRXDUEBC-UHFFFAOYSA-N,tdc
CCOc1ccnc(CCNC(=S)Nc2ccc(C#N)cn2)c1F,0,PQSCCWFMTRVFDA-UHFFFAOYSA-N,marketed_clean
O=C(O)c1ccc2nc(-c3cc(Cl)cc(Cl)c3)oc2c1,0,TXEIIPDJKFWEEC-UHFFFAOYSA-N,marketed_clean
CC(=O)Oc1ccc(C2(c3ccc(OC(C)=O)cc3)C(=O)N(C(C)=O)c3ccccc32)cc1,1,JPGUEMQIAGJQSJ-UHFFFAOYSA-N,tdc
Cc1cc(C)[n+](CCc2ccc(S(N)(=O)=O)cc2)c(C)c1,0,UXBCHTZINZNVRG-UHFFFAOYSA-N,marketed_clean
Cc1cc(=O)[nH]c(=S)[nH]1,0,HWGBHCRJGXAGEU-UHFFFAOYSA-N,marketed_clean
O=c1[nH]c(=O)n(COCCO)cc1Cc1cccc(OCc2ccccc2)c1,0,CSXNPJKDZKLDET-UHFFFAOYSA-N,marketed_clean
COC(=O)[C@H]1[C@@H](c2ccc([123I])cc2)C[C@@H]2CC[C@H]1N2CCCF,0,HXWLAJVUJSVENX-HFIFKADTSA-N,marketed_clean
CO[C@H]1C[C@H](O[C@@H]2/C(C)=C/C[C@@H]3C[C@@H](C[C@]4(CC[C@H](C)[C@@H](C5CCCCC5)O4)O3)OC(=O)[C@@H]3C=C(C)/C(=N/O)[C@H]4OC/C(=C\C=C\[C@@H]2C)[C@]43O)O[C@@H](C)[C@@H]1O,0,AFJYYKSVHJGXSN-XHKIUTQPSA-N,marketed_clean
Oc1ccc(C2(c3ccc(O)cc3)CCCCC2)cc1,0,SDDLEVPIDBLVHC-UHFFFAOYSA-N,marketed_clean
CC(C)(C)NC(=O)C1CC2CCCCC2CN1CC(O)C(Cc1ccccc1)NC(=O)C(CC(N)=O)NC(=O)c1ccc2ccccc2n1,1,QWAXKHKRTORLEM-UHFFFAOYSA-N,tdc
C[N+](C)([O-])CCC=C1c2ccccc2CCc2ccccc21,0,ZPMKQFOGINQDAM-UHFFFAOYSA-N,marketed_clean
CCC(=O)OCC(=O)[C@@]1(OC(=O)CC)[C@@H](C)C[C@H]2[C@@H]3CCC4=CC(=O)C=C[C@]4(C)[C@@]3(F)[C@@H](O)C[C@@]21C,0,CIWBQSYVNNPZIQ-XYWKZLDCSA-N,marketed_clean
C1Cc2[nH]nc(-c3nn[nH]n3)c2C1,0,LTQYSJKGRPGMPO-UHFFFAOYSA-N,marketed_clean
O=C(Nc1cc([C@@H]2CCCN2)[nH]n1)Nc1cccc2c1[C@@H]1CCCN1C2=O,0,IWOOJEZSDPRYAZ-WFASDCNBSA-N,marketed_clean
O=C(O)[C@@H]1O[Sb](=O)(O[Sb]2(=O)O[C@H]([C@H](O)CO)[C@H](O)[C@H](C(=O)O)O2)O[C@H]([C@H](O)CO)[C@@H]1O,0,PFOYFBYIHCVQGB-XCCFGPONSA-N,marketed_clean
O=C(NO)[C@@H](Cc1ccc2ccccc2c1)NS(=O)(=O)c1ccc2ccccc2c1,0,MMOUXLMPQFMDRD-JOCHJYFZSA-N,marketed_clean
O=C(Nc1ccccc1S(=O)(=O)Nc1ccc(Cl)cn1)c1ccc(-n2ccccc2=O)cc1,0,MIJGLXFQYBTIFY-UHFFFAOYSA-N,marketed_clean
N=C(N)NCCC[C@H](N)C(=O)O,0,ODKSFYDXXFIFQN-BYPYZUCNSA-N,marketed_clean
CCCCCCCCCCCCOC(=O)CS(=O)(=O)O,0,LBIZZGIYNNLXQN-UHFFFAOYSA-N,marketed_clean
Cc1cn(C2CC(N=[N+]=[N-])C(CO)O2)c(=O)[nH]c1=O,1,HBOMLICNUCNMMY-UHFFFAOYSA-N,tdc
Cc1cccn2c(=O)c(-c3nn[nH]n3)cnc12,0,HIANJWSAHKJQTH-UHFFFAOYSA-N,marketed_clean
NC1CCN(c2c(F)cc3c(=O)c(C(=O)O)cn(C4CC4)c3c2Cl)C1,0,QGPKADBNRMWEQR-UHFFFAOYSA-N,marketed_clean
Fc1ccc(C(c2ccccc2)(c2ccccc2F)n2ccnc2)cc1,0,QHMWCHQXCUNUAK-UHFFFAOYSA-N,marketed_clean
CC(C)[C@H](O)[C@H](N)C(=O)O,0,ZAYJDMWJYCTABM-WHFBIAKZSA-N,marketed_clean
Nc1ncnc2c1ncn2[C@@H]1O[C@H](/C=C/CNC(=O)c2cc([N+](=O)[O-])cc(O)c2O)[C@@H](O)[C@H]1O,0,UHHBFOLQOQSPLU-WGRQDFERSA-N,marketed_clean
O=C(CCn1cnc2c(=O)[nH]cnc21)NCCCN1CCCC1=O,0,FBVDVFULNXWYRF-UHFFFAOYSA-N,marketed_clean
O=C(O)CCON=C1c2ccccc2-c2ccccc21,0,LASWLEUVWJDDBA-UHFFFAOYSA-N,marketed_clean
C[C@]12CCc3c(ccc4cc(O)ccc34)[C@@H]1CCC2=O,0,PDRGHUMCVRDZLQ-WMZOPIPTSA-N,marketed_clean
C[C@H]1O[C@@H](O[C@H]2[C@@H](OC=O)C[C@H](O[C@H]3[C@@H](OC=O)C[C@H](O[C@H]4CC[C@@]5(C)[C@H](CC[C@@H]6[C@@H]5CC[C@]5(C)[C@@H](C7=CC(=O)OC7)[C@@H](OC=O)C[C@]65O)C4)O[C@@H]3C)O[C@@H]2C)C[C@H](OC=O)[C@@H]1OC=O,0,DOMHWKQEPDYUQX-LJAQBGIBSA-N,marketed_clean
Clc1ccccc1Nc1ncc(-c2ccccc2)n2cncc12,0,NNBICZMPIJMWGC-UHFFFAOYSA-N,marketed_clean
CCSc1cc(OC)c(CC(C)N)cc1OC,0,MCYCODJKXUJSAT-UHFFFAOYSA-N,marketed_clean
COc1cc(CO)ccc1O,0,ZENOXNGFMSCLLL-UHFFFAOYSA-N,marketed_clean
Cc1ccc(-n2nccn2)c(C(=O)N2CCN(c3nc4cc(Cl)ccc4o3)CC[C@H]2C)c1,0,JYTNQNCOQXFQPK-MRXNPFEDSA-N,marketed_clean
N[C@@H](CCSCCCCC(=O)O)C(=O)O,0,BMONDXDFXRPNKQ-ZETCQYMHSA-N,marketed_clean
CC(C)CCC[C@@H](C)[C@H]1CC[C@H]2[C@@H]3[C@@H](O)C=C4C[C@@H](O)CC[C@]4(C)[C@H]3CC[C@]12C,0,OYXZMSRRJOYLLO-KGZHIOMZSA-N,marketed_clean
CN1[C@@H]2CC[C@H]1C[C@@H](OC1c3ccccc3CCc3ccccc31)C2,0,ZWPODSUQWXAZNC-PMOLBWCYSA-N,marketed_clean
CC(C)n1nc(-c2ccc3oc(N)nc3c2)c2c(N)ncnc21,0,GYLDXIAOMVERTK-UHFFFAOYSA-N,marketed_clean
CCCCCCCCCCCCCCCCCC(=O)O[Al],0,RMHMCAVBXYSACO-UHFFFAOYSA-M,marketed_clean
[C-]#N.[C-]#N.[C-]#N.[C-]#N.[C-]#N.[Fe+4].[N-]=O,0,PAORBFBZBNPTCL-UHFFFAOYSA-N,tdc
CCN(C(=O)Cc1ccc(S(C)(=O)=O)cc1)C1CCN(CC[C@H](c2ccc(S(C)(=O)=O)cc2)c2cc(F)cc(F)c2)CC1,0,SCXSQUUTGCWHFU-WJOKGBTCSA-N,marketed_clean
COc1ccc2ccccc2c1/C=N/NC(=O)c1ccc(O)c(O)c1,0,TVOPERZEGKBKAY-RGVLZGJSSA-N,marketed_clean
CC(C)OC(=O)C(C)(C)Oc1ccc(C(=O)c2ccc(Cl)cc2)cc1,1,YMTINGFKWWXKFG-UHFFFAOYSA-N,tdc
NC1(C(=O)O)CC([18F])C1,0,NTEDWGYJNHZKQW-KWCOIAHCSA-N,marketed_clean
CCCC(=O)O[C@H](COC(=O)CC)COP(=O)(O)OC[C@H](N)C(=O)O,0,UNJJBGNPUUVVFQ-ZJUUUORDSA-N,marketed_clean
O=C1c2ccccc2S(=O)(=O)N1CCCCNC[C@H]1CCc2ccccc2O1,0,YGYBFMRFXNDIPO-QGZVFWFLSA-N,marketed_clean
C=CC(=O)N1C[C@H](COc2nc(Nc3cnn(C)c3)nc3[nH]cc(Cl)c23)[C@@H](OC)C1,0,ODMXWZROLKITMS-RISCZKNCSA-N,marketed_clean
Nc1nc2n[nH]nc2c(=O)[nH]1,0,LPXQRXLUHJKZIE-UHFFFAOYSA-N,marketed_clean
Cc1ccc(O)cc1,0,IWDCLRJOBJJRNH-UHFFFAOYSA-N,marketed_clean
Cn1nnc2ccc([C@H](c3ccc(Cl)cc3)n3cncn3)cc21,0,XLMPPFTZALNBFS-INIZCTEOSA-N,marketed_clean
CN(C)C[C@@H](O)COc1ccc(Nc2cc(Nc3c(F)cccc3F)ncn2)cc1,0,ZVSBKYYVBCKDBO-OAHLLOKOSA-N,marketed_clean
Nc1cc(N)c(/N=N/c2ccc(S(N)(=O)=O)cc2)c(C(=O)O)c1,0,ZELCNSAUMHNSSU-ISLYRVAYSA-N,marketed_clean
N=C(N)c1ccc(CNC(=O)[C@@H]2CCCN2C(=O)CNC2CCCCCCC2)cc1,0,MMLOIDMSBRJZAE-FQEVSTJZSA-N,marketed_clean
C[C@@H]1C[C@H]2[C@@H]3CCC4=CC(=O)C=C[C@]4(C)[C@@]3(F)[C@@H](O)C[C@]2(C)[C@H]1C(=O)CO,0,VWVSBHGCDBMOOT-IIEHVVJPSA-N,marketed_clean
NS(=O)(=O)c1ccc(C(=O)NCc2ccccc2F)cc1,0,ULYMHSXFSKOHGH-UHFFFAOYSA-N,marketed_clean
COc1ccc(OC(F)(F)F)cc1CN[C@H]1CCCN[C@H]1c1ccccc1,0,ZIWFCOIGUNPHPM-HKUYNNGSSA-N,marketed_clean
CC(C)CNC(=O)C1CC(F)(c2ccc(CN3CCCC3)c(F)c2)C1,0,DJRDLCHHQYHQQK-UHFFFAOYSA-N,marketed_clean
CC1(C)C(CSS(C)(=O)=O)=C(c2ccccc2)C(C)(C)N1O,0,ZXJJZPNUOZSZBU-UHFFFAOYSA-N,marketed_clean
CCNc1nc(Cl)nc(N[C@@](C)(C#N)CC)n1,0,IUCVBFHDSFSEIK-SNVBAGLBSA-N,marketed_clean
O=c1[nH]c(NC[C@H](O)[C@H](O)[C@H](O)CO)c(CCCCCP(=O)(O)O)c(=O)[nH]1,0,BMATWAHJJFXMFA-AXFHLTTASA-N,marketed_clean
N[C@@H](CO)C1=N/C(=C\c2ccc(O)cc2)C(=O)N1CC(=O)O,0,XSUILVORURXWDH-QIMWGGGBSA-N,marketed_clean
O=[N+]([O-])OC[C@@H](O[N+](=O)[O-])[C@@H](O[N+](=O)[O-])[C@H](O[N+](=O)[O-])[C@@H](CO[N+](=O)[O-])O[N+](=O)[O-],0,DGMJZELBSFOPHH-KVTDHHQDSA-N,marketed_clean
[Fe+3],0,VTLYFUHAOXGGBS-UHFFFAOYSA-N,marketed_clean
CCCC[C@@]12CCC(=O)C(Br)=C1c1ccc(O)cc1C2,0,FTEBGBCQCYMDPH-KRWDZBQOSA-N,marketed_clean
CC(C)(F)C[C@H](N[C@@H](c1ccc(-c2ccc(S(C)(=O)=O)cc2)cc1)C(F)(F)F)C(=O)NC1(C#N)CC1,0,FWIVDMJALNEADT-SFTDATJTSA-N,marketed_clean
Cc1c[nH]c2c(O)cc3c(c12)[C@H](CCl)CN3C(=O)c1cc2cc(NC(=O)Nc3ccc4[nH]c(C(=O)N5C[C@@H](CCl)c6c5cc(O)c5[nH]cc(C)c65)cc4c3)ccc2[nH]1,0,FONKWHRXTPJODV-DNQXCXABSA-N,marketed_clean
Nc1ncnc2c1ncn2[C@@H]1O[C@@H](COP(=O)(O)OP(=O)(O)NP(=O)(O)O)[C@H](O)[C@H]1O,0,PVKSNHVPLWYQGJ-FCIPNVEPSA-N,marketed_clean
COc1cc(C(C)=O)ccc1O,0,DFYRUELUNQRZTB-UHFFFAOYSA-N,marketed_clean
OCCOCCN1CCN(C2=Nc3ccccc3Sc3ccccc32)CC1,0,URKOMYMAXPYINW-UHFFFAOYSA-N,marketed_clean
c1ccc2c(c1)-c1nc-2nc2[nH]c(nc3nc([nH]c4nc(n1)-c1ccccc1-4)-c1ccccc1-3)c1ccccc21,0,IEQIEDJGQAUEQZ-UHFFFAOYSA-N,marketed_clean
CC(=O)OCC(=O)[C@@]1(O)CC[C@H]2[C@@H]3CCC4=CC(=O)C=C[C@]4(C)[C@H]3C(=O)C[C@@]21C,0,MOVRKLZUVNCBIP-RFZYENFJSA-N,marketed_clean
O=C(NCCN1CCOCC1)Nc1nc2ccc(Sc3nnc4ccc(-c5ccc(F)cc5)nn34)cc2s1,0,ODIUNTQOXRXOIV-UHFFFAOYSA-N,marketed_clean
NC(=O)c1ccc[n+]([C@@H]2O[C@H](COP(=O)([O-])OP(=O)(O)OC[C@H]3O[C@@H](n4c(Br)nc5c(N)ncnc54)[C@H](OP(=O)(O)O)[C@@H]3O)[C@@H](O)[C@H]2O)c1,0,MDKMTCCUJSRQGW-NAJQWHGHSA-N,marketed_clean
NCCOC(=O)Cc1cccc2ccccc12,0,PDCSQCHNOPNJMK-UHFFFAOYSA-N,marketed_clean
CC1OC(OC2C(O)CC(OC3C(O)CC(OC4CCC5(C)C(CCC6C5CC(O)C5(C)C(C7=CC(=O)OC7)CCC65O)C4)OC3C)OC2C)CC(O)C1O,0,LTMHDMANZUZIPE-UHFFFAOYSA-N,tdc
N[C@@H](Cc1ccccc1)C(=O)NCCOCCOCCNC(=O)c1ccc(S(N)(=O)=O)cc1,0,QNZDHHNWUXIYOH-FQEVSTJZSA-N,marketed_clean
CC(C)SCC[C@@H](N)[C@H](O)C(=O)NNC(=O)c1cccc(Cl)c1,0,BYBVYIPUGPZRSX-OLZOCXBDSA-N,marketed_clean
CC1(C)[C@H]2CC(=O)[C@]1(C)C[C@H]2O,0,DJQYBVLXBVJHMU-PJKMHFRUSA-N,marketed_clean
O=C(O)CCCCO/N=C(/c1cccnc1)c1cccc(C(F)(F)F)c1,0,GLLPUTYLZIKEGF-HAVVHWLPSA-N,marketed_clean
O=C(O)[C@H](O)c1ccccc1,0,IWYDHOAUDWTVEP-SSDOTTSWSA-N,marketed_clean
NC(=O)NC(NC(N)=O)C(=O)O,0,NUCLJNSWZCHRKL-UHFFFAOYSA-N,marketed_clean
C[C@@H](O)[C@@H]1NC(=O)[C@H](CCCCN)NC(=O)[C@@H](Cc2c[nH]c3ccccc23)NC(=O)[C@H](Cc2ccccc2)NC(=O)[C@@H](NC(=O)[C@H](N)Cc2ccccc2)CSSC[C@@H](C(=O)N[C@H](CO)[C@@H](C)O)NC1=O,0,DEQANNDTNATYII-OULOTJBUSA-N,marketed_clean
CCCN(CC)C(CC)C(=O)Nc1c(C)cccc1C,0,VTUSIVBDOCDNHS-UHFFFAOYSA-N,marketed_clean
CC(C)=CCC[C@](C)(O[C@@H]1O[C@H](CO[C@@H]2OC[C@H](O)[C@H](O)[C@H]2O)[C@@H](O)[C@H](O)[C@H]1O)[C@H]1CC[C@]2(C)[C@@H]1[C@H](O)C[C@@H]1[C@@]3(C)CC[C@H](O[C@@H]4O[C@H](CO)[C@@H](O)[C@H](O)[C@H]4O[C@@H]4O[C@H](CO)[C@@H](O)[C@H](O)[C@H]4O)C(C)(C)[C@@H]3CC[C@]12C,0,NODILNFGTFIURN-GZPRDHCNSA-N,marketed_clean
COc1cc(NS(C)(=O)=O)ccc1Nc1c2ccccc2nc2ccccc12,1,XCPGHVQEEXUHNC-UHFFFAOYSA-N,tdc
CC(C)[C@@H]1NC(=O)[C@H](CCCCN)NC(=O)[C@@H](Cc2c[nH]c3ccccc23)NC(=O)[C@H](Cc2ccc(O)cc2)NC(=O)[C@@H](NC(=O)[C@H](N)Cc2ccc3ccccc3c2)CSSC[C@@H](C(=O)N[C@H](C(N)=O)[C@@H](C)O)NC1=O,0,PUDHBTGHUJUUFI-SCTWWAJVSA-N,marketed_clean
CNS(=O)(=O)Nc1ccc(-c2ccccc2)n(CC(=O)N[C@H](C(=O)C(F)(F)F)C(C)C)c1=O,0,MYFMPKCOIMRDDD-KRWDZBQOSA-N,marketed_clean
CC(C)C(=O)Nc1ccc([N+](=O)[O-])c(C(F)(F)F)c1,1,MKXKFYHWDHIYRV-UHFFFAOYSA-N,tdc
CC(C)[C@H](NC(=O)Cn1c(-c2ccc(N)cc2)ncc(NS(C)(=O)=O)c1=O)C(=O)C(F)(F)F,0,JWSWTHSJMGVOKE-HNNXBMFYSA-N,marketed_clean
CC(=O)Nc1nnc(S(N)(=O)=O)s1,1,BZKPWHYZMXOIDC-UHFFFAOYSA-N,tdc
COc1cc(-c2ccc3c(c2)NC(=O)/C3=C\c2ccc[nH]2)ccc1O,0,AYSXURJZVXBSRV-WJDWOHSUSA-N,marketed_clean
C[C@]12CCC(=O)C=C1CC[C@@H]1[C@@H]2[C@@H](O)C[C@]2(C=O)[C@@H](C(=O)CO)CC[C@@H]12,0,PQSUYGKTWSAVDQ-ZVIOFETBSA-N,marketed_clean
CCOC(=O)[C@H](CCc1ccccc1)N[C@@H](C)C(=O)N1CCC[C@H]1C(=O)O,0,GBXSMTUPTTWBMN-XIRDDKMYSA-N,marketed_clean
CC1(C)S[C@@H]2[C@H](NC(=O)[C@H](NC(=O)N3CCNC3=O)c3ccccc3)C(=O)N2[C@H]1C(=O)O,0,JTWOMNBEOCYFNV-NFFDBFGFSA-N,marketed_clean
CCC[C@@]1(CCc2ccccc2)CC(O)=C([C@H](CC)c2cccc(NS(=O)(=O)c3ccc(C(F)(F)F)cn3)c2)C(=O)O1,0,SUJUHGSWHZTSEU-FYBSXPHGSA-N,marketed_clean
CC[C@H]1O[C@]2(C)[C@H](OC(C)=O)[C@@]1(C)O[C@@H](/C=C/C=C/C=C/c1oc(=O)cc(OC)c1C)[C@@H]2O,0,QXCOFYWOWZJFEA-YJMRODJJSA-N,marketed_clean
c1ccc2c(-c3ccncc3)n[nH]c2c1,0,MSRXUUDVRNWSTN-UHFFFAOYSA-N,marketed_clean
CC(=O)NCCc1ccc(S(N)(=O)=O)cc1,0,IIMGUEXQORZTID-UHFFFAOYSA-N,marketed_clean
S=C=Nc1cccc2ccccc12,1,JBDOSUUXMYMWQH-UHFFFAOYSA-N,tdc
CC[C@H](C)[C@H](NC(=O)[C@H](Cc1c[nH]c2ccccc12)NC(=O)[C@H](CCC(=O)O)NC(=O)[C@H](CCC(=O)O)NC(=O)CNC(=O)[C@H](CCCCN)NC(=O)CNC(=O)[C@@H]1CCCN1C(=O)[C@@H]1CCCN1C(=O)[C@H](CCC(N)=O)NC(=O)[C@H](CCCNC(=N)N)NC(=O)[C@@H](NC(=O)[C@H](Cc1c[nH]c2ccccc12)NC(=O)[C@H](CO)NC(=O)[C@H](Cc1c[nH]c2ccccc12)NC(=O)[C@H](Cc1ccc(O)cc1)NC(=O)[C@H](Cc1ccc(O)cc1)NC(=O)CN)[C@@H](C)CC)C(=O)NCC(=O)O,0,VXXZQHUWZSRPAM-CDJUQFLLSA-N,marketed_clean
CCCCOc1ccc(/N=N/c2ccc(N)nc2N)cn1,0,WAWDOEHEAULMGC-FMQUCBEESA-N,marketed_clean
N[C@@H](Cc1c[nH]c2ccc(O)cc12)C(=O)O,0,LDCYZAJDBXYCGN-VIFPVBQESA-N,marketed_clean
CC(C)C(NC(=O)[C@H](CC(=O)O)NC(=O)[C@H](CCCCN)NC(=O)[C@@H](N)CCCN=C(N)N)C(=O)N[C@@H](Cc1ccc(O)cc1)C(=O)O,0,PSWFFKRAVBDQEG-XXTQFKTOSA-N,marketed_clean
CC(C)C[C@H](NC(=O)[C@@H](O)CC(=O)O)C(=O)NCCCCN=C(N)N,0,QPQNJAXBPHVASB-QWRGUYRKSA-N,marketed_clean
O=C(NOC[C@H](O)CO)c1ccc(F)c(F)c1Nc1ccc(I)cc1F,0,SUDAHWBOROXANE-SECBINFHSA-N,marketed_clean
CCCCCCCC/C=C\CCCCCCCC(=O)OCC(COP(=O)([O-])OCC[N+](C)(C)C)OC(=O)CCCCCCCCCCCCCCC,0,RRVPPYNAZJRZFR-MRCUWXFGSA-N,marketed_clean
COc1ccc2c3c1O[C@H]1C[C@@H](O)C=C[C@@]31CCN(C)C2,0,ASUTZQLVASHGKV-JDFRZJQESA-N,marketed_clean
COc1cnc(NS(=O)(=O)c2ccc(N)cc2)nc1,0,GPTONYMQFTZPKC-UHFFFAOYSA-N,marketed_clean
Cc1noc(-c2ccc(-c3ccc(C4(C(=O)O)CC4)cc3)cc2)c1NC(=O)O[C@H](C)c1ccccc1,0,GQBRZBHEPUQRPL-LJQANCHMSA-N,marketed_clean
CN(C)CCOCCOC(=O)N1c2ccccc2Sc2ccccc21,0,OOVJCSPCMCAXEX-UHFFFAOYSA-N,marketed_clean
COC(=O)C1=C(C)CC(=O)c2c1cc1c(c2O)C(=O)c2c(O)cccc2C1=O,0,QHNJNOBWURJIEK-UHFFFAOYSA-N,marketed_clean
CCOC(=O)C(=O)N1CCCCC1,0,ASBDXHCMVYVJQQ-UHFFFAOYSA-N,marketed_clean
CCOC(=O)[C@H](CCc1ccccc1)N[C@@H](C)C(=O)N1Cc2ccccc2C[C@H]1C(=O)O,0,JSDRRTOADPPCHY-HSQYWUDLSA-N,marketed_clean
CCOCC(O)COc1ccc(NC(=O)CC[S+](C)C)cc1,0,DYZJXZOQQRXDLE-UHFFFAOYSA-O,marketed_clean
CN1CCN(CCC=C2c3ccccc3Sc3ccc(S(=O)(=O)N(C)C)cc32)CC1,1,GFBKORZTTCHDGY-UHFFFAOYSA-N,tdc
CCOC(=O)C(COC(=O)Cc1ccc(NC(=O)c2ccccc2-c2ccc(C(F)(F)F)cc2)c(C(=O)N(C)C)c1)(C(=O)OCC)c1ccccc1,0,FPUQGCOBYOXAED-UHFFFAOYSA-N,marketed_clean
c1ccc(C2(c3ccccc3)OCC(C3CCCCN3)O2)cc1,0,HGKAMARNFGKMLC-UHFFFAOYSA-N,marketed_clean
O=c1cc(Cc2ccccc2)[nH]c(=S)[nH]1,0,PNXBXCRWXNESOV-UHFFFAOYSA-N,marketed_clean
COc1ccc(-c2ccc3cc(C(=O)O)ccc3c2)cc1C12CC3CC(CC(C3)C1)C2,0,LZCDAPDGXCYOEH-UHFFFAOYSA-N,marketed_clean
Nc1ccn([C@H]2C[C@H](O)[C@@H](CO)O2)c(=O)n1,0,CKTSBUTUHBMZGZ-SHYZEUOFSA-N,marketed_clean
O=C(O)c1cccnc1Nc1cccc(C(F)(F)F)c1,0,JZFPYUNJRRFVQU-UHFFFAOYSA-N,marketed_clean
CC1(C)CCC(C)(C)c2cc(Cn3cccn3)c(/C=C/c3ccc(C(=O)O)cc3)cc21,0,YTFHCXIPDIHOIA-DHZHZOJOSA-N,marketed_clean
OC[C@H]1O[C@@H](n2cnc3c2N=CNC[C@H]3O)C[C@@H]1O,0,FPVKHBSQESCIEP-JQCXWYLXSA-N,marketed_clean
Cc1cc(C(=O)NNCc2ccccc2)no1,1,XKFPYPQQHFEXRZ-UHFFFAOYSA-N,tdc
COC(=O)/C=C/C(=O)OC,0,LDCRTTXIJACKKU-ONEGZZNKSA-N,marketed_clean
CCCC[C@@H](NC(=O)[C@@H](Cc1ccccc1)NC(=O)[C@H](N)Cc1ccccc1)C(=O)N[C@H](CCCN=C(N)N)C(=O)NCc1ccncc1,0,DBOGGOVKHSCMNB-OMRVPHBLSA-N,marketed_clean
Cc1ccc([C@@H]2O[C@H](CO)[C@@H](O)[C@H](O)[C@H]2O)cc1Cc1ccc(-c2ccc(F)cc2)s1,0,XTNGUQKDFGDXSJ-ZXGKGEBGSA-N,marketed_clean
COC(=O)[C@H]1[C@@H](OP(=O)(O)c2ccccc2)C[C@@H]2CC[C@H]1N2C,0,WJTKWTJTOSZMKO-PMOUVXMZSA-N,marketed_clean
C/C=C1\[C@H]2C=C(C)C[C@]1(N)c1ccc(=O)[nH]c1C2,0,ZRJBHWIHUMBLCN-YQEJDHNASA-N,marketed_clean
Clc1cccc(Cl)c1NC1=NCCN1,1,GJSURZIOUXUGAL-UHFFFAOYSA-N,tdc
CN1c2c(oc(=O)n(-c3ccccn3)c2=O)-c2ccccc2S1(=O)=O,1,OEHFRZLKGRKFAS-UHFFFAOYSA-N,tdc
CN(C)c1ccc([C@H]2C[C@]3(C)[C@@H](CC[C@]3(O)CCCO)[C@@H]3CCC4=CC(=O)CCC4=C32)cc1,0,IEXUMDBQLIVNHZ-YOUGDJEHSA-N,marketed_clean
Nc1ncnc2c1ncn2[C@@H]1O[C@H](COP(=O)(O)OP(=O)(O)CP(=O)(O)OP(=O)(O)O)[C@@H](O)[C@H]1O,0,ARRGHMSEJJFDME-IOSLPCCCSA-N,marketed_clean
CN(CCOc1ccc(CC2SC(=O)NC2=O)cc1)c1ccccn1,1,YASAKCUCGLMORW-UHFFFAOYSA-N,tdc
COC1C(OC(N)=O)C(O)C(Oc2ccc3c(=O)c(NC(=O)c4ccc(O)c(CC=C(C)C)c4)c(O)oc3c2C)OC1(C)C,1,DYYIUCVAQGRACE-UHFFFAOYSA-N,tdc
O=c1[nH]c(=O)c2c([nH]1)n(C[C@@H](O)[C@@H](O)[C@H](O)CO)c(=O)n2CCCOP(=O)(O)O,0,KPHFGOGGKPGLTM-ZXFLCMHBSA-N,marketed_clean
N[C@@H](CCC(=O)O)C(=O)O,0,WHUUTDBJXJRKMK-VKHMYHEASA-N,marketed_clean
COc1ccc(C(=O)CC(=O)c2ccc(C(C)(C)C)cc2)cc1,0,XNEFYCZVKIDDMS-UHFFFAOYSA-N,marketed_clean
Nc1nc2c(c(=O)[nH]1)N[C@H]1C(S)=C(S)[C@@H](COP(=O)(O)O)O[C@H]1N2,0,HPEUEJRPDGMIMY-IFQPEPLCSA-N,marketed_clean
O=P(O)(O)CP(=O)(O)O[C@H]1O[C@H](COP(=O)(O)O)[C@@H](O)[C@H]1O,0,JFMKBQDEISBIPL-KVTDHHQDSA-N,marketed_clean
O=C(CO)COP(=O)(O)OC1[C@H](O)[C@H](O)[C@@H](OP(=O)(O)O)[C@H](OP(=O)(O)O)[C@H]1O,0,JBQPYAMQMBKZDT-WKBARDANSA-N,marketed_clean
C[C@@H](O)c1nnc(C2CC(NC(=O)c3cc(-c4ccccc4)no3)C2)o1,0,XPEHHUISIBFLHX-QFWMXSHPSA-N,marketed_clean
O=S(=O)(NCCNC/C=C/c1ccc(Br)cc1)c1cccc2cnccc12,0,ZKZXNDJNWUTGDK-NSCUHMNNSA-N,marketed_clean
CC(N)=NCCC[C@H](N)C(=O)O,0,UYZFAUAYFLEHRC-LURJTMIESA-N,marketed_clean
Cc1cnc(NCC(F)(F)c2ccccn2)c(=O)n1CC(=O)NCc1ncccc1F,0,JXHWVKOKYDAROD-UHFFFAOYSA-N,marketed_clean
CC(C)(N)C(=O)N[C@H](Cc1cc2ccccc2[nH]1)C(=O)N[C@H](Cc1c[nH]c2ccccc12)NC=O,0,VPBQKRKRYYPMOF-DHIUTWEWSA-N,marketed_clean
Cc1ccc(C(=O)c2cc(O)c(O)c([N+](=O)[O-])c2)cc1,1,MIQPIUSUKVNLNT-UHFFFAOYSA-N,tdc
CN1Cc2c(N)cccc2C(c2ccccc2)C1,1,XXPANQJNYNUNES-UHFFFAOYSA-N,tdc
CCOC(=O)C1=C(COCCN)NC(C)=C(C(=O)OC)[C@@H]1c1ccccc1Cl,0,HTIQEAQVCYTUBX-KRWDZBQOSA-N,marketed_clean
CSCC[C@H](N)[P+](=O)O,0,BSTOZABDPPHMGK-SCSAIBSYSA-O,marketed_clean
CC(C)CN(CC(O)C(Cc1ccccc1)NC(=O)OC1COC2OCCC12)S(=O)(=O)c1ccc(N)cc1,1,CJBJHOAVZSMMDJ-UHFFFAOYSA-N,tdc
OCCOc1ccccc1-c1ccc(F)c(F)c1F,0,AGXPXFPIOHNDAN-UHFFFAOYSA-N,marketed_clean
CO[C@H]1/C=C/O[C@@]2(C)Oc3c(C)c(O)c4c(O)c(c(/C=N/N5CCN(C6CCCC6)CC5)c(O)c4c3C2=O)NC(=O)/C(C)=C\C=C\[C@H](C)[C@H](O)[C@@H](C)[C@@H](O)[C@@H](C)[C@H](OC(C)=O)[C@@H]1C,0,WDZCUPBHRAEYDL-GZAUEHORSA-N,marketed_clean
N=C(N)CCCC[C@@H](C=O)[C@H]1CCC[C@@H]1O,0,FCDJKFJACUMSOZ-AXFHLTTASA-N,marketed_clean
COc1cc(OC)c(NC(=O)Nc2cnc(C#N)cn2)cc1Cl,0,URQYPXQXSVUVRG-UHFFFAOYSA-N,marketed_clean
NC(=O)N1c2ccccc2C=Cc2ccccc21,1,FFGPTBGBLSHEPO-UHFFFAOYSA-N,tdc
C=C(C)CNc1ccc(C(C)C(=O)O)cc1,0,FPHLBGOJWPEVME-UHFFFAOYSA-N,marketed_clean
Cc1c(F)c(N2CCNC(C)C2)cc2c1c(=O)c(C(=O)O)cn2C1CC1,1,AIJTTZAVMXIJGM-UHFFFAOYSA-N,tdc
CN(Cc1cnc2nc(N)nc(N)c2n1)c1ccc(C(=O)NC(CCC(=O)O)C(=O)O)cc1,1,FBOZXECLQNJBKD-UHFFFAOYSA-N,tdc
CCCCNC(=O)NS(=O)(=O)c1ccc(C)cc1,1,JLRGJRBPOGGCBT-UHFFFAOYSA-N,tdc
CC(=O)Nc1c(N)cc(C(=O)O)cc1O,0,CALDTVBHJMBRTM-UHFFFAOYSA-N,marketed_clean
CC(C)[C@@H]1NC(=O)[C@H](Cc2ccccc2)NC(=O)[C@H](CC(=O)O)NC(=O)C(CO)NC(=O)[C@@H]2CSSC[C@H](NC(=O)C(CCCNC(=N)N)NC(=O)[C@H](CCCNC(=N)N)NC(=O)[C@H](C)NC(=O)[C@H](CCC(=O)O)NC(=O)[C@H](CC(=O)O)NC(=O)[C@H](C)NC(=O)[C@H](CCC(N)=O)NC1=O)C(=O)N[C@@H](Cc1ccc(O)cc1)C(=O)N[C@@H](CC(N)=O)C(=O)N[C@@H](CC(=O)O)C(=O)N1CCC[C@H]1C(=O)NC(CCCCN)C(=O)N2,0,CQXYENUJCPYPTI-BHDQMSKASA-N,marketed_clean
NCCC(=O)NCCSSCCNC(=O)CCN,0,WELIVEBWRWAGOM-UHFFFAOYSA-N,marketed_clean
Cc1cc(Nc2ccc(C(F)(F)F)cc2)n2ncnc2n1,0,LRHHXKBKRNNFRV-UHFFFAOYSA-N,marketed_clean
C[C@@H](NC(=O)c1cc(F)ccc1O)c1ccc(Br)cc1,0,KFTNEILVDDUXGR-SECBINFHSA-N,marketed_clean
c1nc2nc(Nc3ccc(N4CCOCC4)cc3)nc(NC3CCCCC3)c2[nH]1,0,ZFLJHSQHILSNCM-UHFFFAOYSA-N,marketed_clean
S=c1nc[nH]c2nc[nH]c12,1,GLVAUDGFNGKCSF-UHFFFAOYSA-N,tdc
COC(=O)Nc1nc2ccc(Sc3ccc(NC(=O)[C@H](C)N)cc3)cc2[nH]1,0,GAOHLWCIAJNSEE-JTQLQIEISA-N,marketed_clean
CC(C)(C)NCC(O)c1ccc(O)c(CO)c1,0,NDAUXUAQIAJITI-UHFFFAOYSA-N,tdc
C[C@H]1CCCC[C@@H]1Oc1cccc(-c2nc3cc(C(=N)N)c(F)cc3[nH]2)c1O,0,CMCDWLMEDRBWIR-GTNSWQLSSA-N,marketed_clean
N#CC1(c2ccc(NC(=O)c3cccnc3NCc3ccncc3)cc2)CCCC1,0,WPEWQEMJFLWMLV-UHFFFAOYSA-N,marketed_clean
[223Ra],0,HCWPIIXVSYCSAN-OIOBTWANSA-N,marketed_clean
Cc1c[nH]c(=O)[nH]c1=O,0,RWQNBRDOKXIBIV-UHFFFAOYSA-N,marketed_clean
CC(C)(COP(=O)([O-])OP(=O)(O)OC[C@H]1O[C@@H](n2cnc3c(N)ncnc32)[C@H](O)[C@@H]1OP(=O)(O)O)[C@@H](O)C(=O)NCCC(=O)NCCSC(=O)C[C@@H](O)C[N+](C)(C)C,0,BBRISSLDTUHWKG-PVMHLSDZSA-N,marketed_clean
O=c1ccn([C@@H]2O[C@H](COP(=O)(O)OP(=O)(O)Oc3ccccc3)[C@@H](O)[C@H]2O)c(=O)[nH]1,0,ZHUWBKDWWGKIEN-FMKGYKFTSA-N,marketed_clean
C[C@]12CC[C@H]3[C@@H](CC[C@@]45O[C@@H]4C(O)=C(C#N)C[C@]35C)[C@@H]1CC[C@@H]2O,0,KVJXBPDAXMEYOA-CXANFOAXSA-N,marketed_clean
OC[C@H]1OC(F)[C@@H](F)[C@@H](O)[C@@H]1O,0,YZRDPODBASCWCK-CBPJZXOFSA-N,marketed_clean
NCCCCc1ccccc1,0,AGNFWIZBEATIAK-UHFFFAOYSA-N,marketed_clean
O=C(OC1C[C@H]2CC[C@@H](C1)[N+]21CCCC1)C(O)(c1ccccc1)c1ccccc1,0,OYYDSUSKLWTMMQ-AIZNXBIQSA-N,marketed_clean
C[C@@H]1[C@H](c2c(F)ccc(F)c2F)C[C@H](NC(=O)c2cnc3c(c2)C[C@@]2(C3)C(=O)Nc3ncccc32)C(=O)N1CC(F)(F)F,0,QIVUCLWGARAQIO-OLIXTKCUSA-N,marketed_clean
COc1cc(C[C@@H](CO)[C@H](CO)Cc2ccc(O)c(OC)c2)ccc1O,0,PUETUDUXMCLALY-HOTGVXAUSA-N,marketed_clean
Cc1cccc2c(=O)[nH]c(N)nc12,0,NLLZAHIPYDRNRQ-UHFFFAOYSA-N,marketed_clean
CN1CCN(CCCN2c3ccccc3Sc3ccc(Cl)cc32)CC1,1,WIKYUJGCLQQFNW-UHFFFAOYSA-N,tdc
O=C(CCS)N1CCc2c([nH]c3ccccc23)C1,0,UGWLHSPOMCORRH-UHFFFAOYSA-N,marketed_clean
C1=Cc2cc3ccc(cc4ccc(cc5nc(cc1n2)C=C5)[nH]4)[nH]3,0,JZRYQZJSTWVBBD-UHFFFAOYSA-N,marketed_clean
O=C[C@H](O)COP(=O)(O)O,0,LXJXRIRHZLFYRP-VKHMYHEASA-N,marketed_clean
COC(=O)CCNC(=O)c1cc(-c2ccc(F)cc2F)cc(I)c1O,0,ZMRRBWRMQPQQAN-UHFFFAOYSA-N,marketed_clean
CCCCn1c(Cc2cccc(OC)c2)nc2c(N)ncnc21,0,BWLWUGBHOXIUBP-UHFFFAOYSA-N,marketed_clean
NC(COC(=O)NCCCN1CCN(CCCNC(=O)c2cc(OC3OC(CO)C(O)C(O)C3O)cc([N+](=O)[O-])c2)CC1)COC(=O)NCCCN1CCN(CCCNC(=O)c2cc(O[C@H]3O[C@H](CO)[C@H](O)[C@H](O)[C@H]3O)cc([N+](=O)[O-])c2)CC1,0,RJLCAAJYVGPDFG-LNGNCPBTSA-N,marketed_clean
COc1ccc2c3c1OC1C(=O)CCC4C(C2)N(C)CCC314,0,LLPOLZWFYMWNKH-UHFFFAOYSA-N,tdc
CN1CCN(C2=c3ccccc3=Nc3ccc(Cl)cc3N2)CC1,1,ZUXABONWMNSFBN-UHFFFAOYSA-N,tdc
Cc1[nH]c2ccccc2c1CCNC(=O)c1cccs1,0,ACAKNPKRLPMONU-UHFFFAOYSA-N,marketed_clean
NS(=O)(=O)c1cc(Cl)c(Cl)c(S(N)(=O)=O)c1,0,GJQPMPFPNINLKP-UHFFFAOYSA-N,marketed_clean
O=C(O)c1cn(C2CC2)c2cc(N3CCNCC3)c(F)cc2c1=O,1,MYSWGUAQZAJSOK-UHFFFAOYSA-N,tdc
CO[C@@H]1O[C@@H](C)[C@@H](O)[C@@H](O)[C@@H]1O,0,OHWCAVRRXKJCRB-CXNFULCWSA-N,marketed_clean
CO[C@H]1/C=C/O[C@@]2(C)Oc3c(C)c(O)c4c(O)c(c(C=NN5CCN(C)CC5)c(O)c4c3C2=O)NC(=O)/C(C)=C\C=C\[C@H](C)[C@H](O)[C@@H](C)[C@@H](O)[C@@H](C)[C@H](OC(C)=O)[C@@H]1C,0,JQXXHWHPUNPDRT-ZNQWNCHJSA-N,marketed_clean
C[C@@H]1C[C@H]2[C@@H]3CCC4=CC(=O)C=C[C@]4(C)[C@@]3(Cl)[C@@H](O)C[C@]2(C)[C@@]1(OC(=O)c1ccco1)C(=O)CCl,0,WOFMFGQZHJDGCX-ZULDAHANSA-N,marketed_clean
Cc1ccc(Cl)c(Nc2ccccc2C(=O)O)c1Cl,1,SBDNJUWAMKYJOX-UHFFFAOYSA-N,tdc
Cc1cc(C)c2c(c1)[C@@H](N(Cc1cc(C(F)(F)F)cc(C(F)(F)F)c1)c1nnn(C)n1)CCCN2CC1CCC(C(=O)O)CC1,0,IHIUGIVXARLYHP-UXNJHFGPSA-N,marketed_clean
Nc1nc2ccc(OC(F)(F)F)cc2s1,1,FTALBRSUTCGOEG-UHFFFAOYSA-N,tdc
C/C=C1/CN(C)[C@@H]2Cc3c([nH]c4ccccc34)[C@@H](c3cc4[nH]c5c(c4cc3OC)CCN3C[C@H]4C[C@H](CC)[C@H]3[C@@]5(C(=O)OC)C4)C[C@@H]1C2C(=O)OC,0,VCMIRXRRQJNZJT-XRMSBCOFSA-N,marketed_clean
OC[C@@H](O)[C@@H](O)[C@H](O)[C@@H](O)CO,0,FBPFZTCFMRRESA-JGWLITMVSA-N,marketed_clean
O=C(O)CN(CCN(CC(=O)O)CC(=O)NCCS)CCN(CC(=O)O)CC(=O)NCCS,0,MRDWXQKAAKNXSP-UHFFFAOYSA-N,marketed_clean
CCCCC[C@@H](/C=C/[C@@H]1[C@@H](C/C=C\CCCC(=O)O)[C@@H]2C[C@H]1OO2)OO,0,SGUKUZOVHSFKPH-YNNPMVKQSA-N,marketed_clean
O=CN(O)CCCP(=O)(O)O,0,GJXWDTUCERCKIX-UHFFFAOYSA-N,marketed_clean
CS(=O)(=O)CCNCc1ccc(-c2ccc3ncnc(Nc4ccc(OCc5cccc(F)c5)c(Cl)c4)c3c2)o1,1,BCFGMOOMADDAQU-UHFFFAOYSA-N,tdc
C[C@]12C/C(=C/O)C(=O)C[C@@H]1CC[C@@H]1[C@@H]2CC[C@@]2(C)[C@H]1CC[C@]2(C)O,0,ICMWWNHDUZJFDW-DHODBPELSA-N,marketed_clean
COc1ccc(-c2c(Cl)ncn2-c2ccc(S(N)(=O)=O)cc2)cc1F,0,KYXDNECMRLFQMZ-UHFFFAOYSA-N,marketed_clean
CC/C=C(\C(=O)N[C@@H]1C(=O)N2C(C(=O)O)=C(COC(N)=O)CS[C@H]12)c1csc(N)n1,0,HJJRIJDTIPFROI-NVKITGPLSA-N,marketed_clean
COc1cccc2c1C(=O)c1c(O)c3c(c(O)c1C2=O)C[C@@](O)(/C(CO)=N/NC(=O)CCCCCN1C(=O)C=CC1=O)C[C@@H]3O[C@H]1C[C@H](N)[C@H](O)[C@H](C)O1,0,OBMJQRLIQQTJLR-USGQOSEYSA-N,marketed_clean
Nc1ncnc2c1ncn2[C@@H]1O[C@H](CO)[C@@H](OP(=O)(O)OC[C@H]2O[C@@H](n3ccc(=O)[nH]c3=O)[C@H](O)[C@@H]2OP(=O)(O)O)[C@H]1O,0,FZCSEXOMUJFOHQ-KPKSGTNCSA-N,marketed_clean
[2H]C([2H])([2H])NC(=O)c1nnc(NC(=O)C2CC2)cc1Nc1cccc(-c2ncn(C)n2)c1OC,0,BZZKEPGENYLQSC-FIBGUPNXSA-N,marketed_clean
CC1OC(OC2C(CO)OC(OC3C(CO)OC(O)C(O)C3O)C(O)C2O)C(O)C(O)C1NC1C=C(CO)C(O)C(O)C1O,1,XUFXOAAUWZOOIT-UHFFFAOYSA-N,tdc
c1ccc(-c2cc(NCc3cccnc3)n3ncc(C4CC4)c3n2)cc1,0,CCDIUVLNHCGSMH-UHFFFAOYSA-N,marketed_clean
CC(=O)N(C)c1cccc(-c2ccnc3c(C(=O)c4cccs4)cnn23)c1,0,CBIAWPMZSFFRGN-UHFFFAOYSA-N,marketed_clean
CNC(=O)CN1CCC(Nc2nccc(-c3cnc4ccccn34)n2)CC1,0,AJLILYAPRHIFAS-UHFFFAOYSA-N,marketed_clean
COc1cc(OC)nc(O[C@H](C(=O)O)C(OC)(c2ccccc2)c2ccccc2)n1,0,FEJVSJIALLTFRP-LJQANCHMSA-N,marketed_clean
CC1=C(/C=C/C(C)=C/C=C/C(C)=C/CO)C(C)(C)CCC1,0,FPIPGXGPPPQFEQ-OVSJKPMPSA-N,marketed_clean
O=C(O)Cc1cc(I)c(Oc2ccc(O)c(I)c2)c(I)c1,0,UOWZUVNAGUAEQC-UHFFFAOYSA-N,marketed_clean
COc1cc([C@H]2C3=C(COC3=O)Cc3cc4c(cc32)OCO4)cc(OC)c1OC,0,OPGVEBTYBAOEHZ-LJQANCHMSA-N,marketed_clean
C[N+]1(C)C2CCC1CC(OC(=O)C(O)c1ccccc1)C2,0,WKWOJBUWWZTUQV-UHFFFAOYSA-N,marketed_clean
NCCCCCCNS(=O)(=O)c1cccc2c(Cl)cccc12,0,IDEHCMNLNCJQST-UHFFFAOYSA-N,marketed_clean
Cc1cc(-c2ccc(N=Nc3c(S(=O)(=O)O)cc4cc(S(=O)(=O)O)cc(N)c4c3O)c(C)c2)ccc1N=Nc1c(S(=O)(=O)O)cc2cc(S(=O)(=O)O)cc(N)c2c1O,0,ZBNARPCCDMHDDV-UHFFFAOYSA-N,marketed_clean
COc1cc(C)[nH]c(=O)c1CN1CCc2c(Cl)cc([C@H](OC)C3COC3)c(Cl)c2C1=O,0,RXCVUHMIWHRLDF-HXUWFJFHSA-N,marketed_clean
CC(CCCCCCCCCCCCc1ccc([123I])cc1)CC(=O)O,0,NPCIWINHUDIWAV-NSYCNWAXSA-N,marketed_clean
O=P(O)(O)NP(=O)(O)OP(=O)(O)O,0,PELPUMGXMYVGSQ-UHFFFAOYSA-N,marketed_clean
C=C(C)C(=O)SCCNC(=O)CCNC(=O)[C@H](O)C(C)(C)COP(=O)(O)OP(=O)(O)OC[C@H]1O[C@@H](n2cnc3c(N)ncnc32)[C@H](O)[C@@H]1OP(=O)(O)O,0,NPALUEYCDZWBOV-NDZSKPAWSA-N,marketed_clean
O=C(O)c1cc(O)c2c(c1)Cc1cccc(O)c1C2=O,0,OZFQHULMMDWMIV-UHFFFAOYSA-N,marketed_clean
CC(=O)NCc1c(I)c(NC(C)=O)c(I)c(C(=O)O)c1I,0,VVDGWALACJEJKG-UHFFFAOYSA-N,marketed_clean
N[C@@H](Cc1ccc(C(=O)c2ccccc2)cc1)C(=O)O,0,TVIDEEHSOPHZBR-AWEZNQCLSA-N,marketed_clean
CC1CO1,0,GOOHAUXETOMSMM-UHFFFAOYSA-N,marketed_clean
O=C(O)CNC(=O)c1ccccc1[131I],0,CORFWQGVBFFZHF-AKGSDVBQSA-N,marketed_clean
CCCCCCCCS[C@@H]1O[C@H](CO)[C@@H](O)[C@H](O)[C@H]1O,0,CGVLVOOFCGWBCS-RGDJUOJXSA-N,marketed_clean
CN1CC[C@]2(C)C[C@@H](Cc3ccc(O)cc32)C1,0,ZOWQTJXNFTWSCS-IAQYHMDHSA-N,marketed_clean
O=[N+]([O-])/N=C1\NCCN1Cc1ccc(Cl)nc1,0,YWTYJOPNNQFBPC-UHFFFAOYSA-N,marketed_clean
CC(C)C/C=C\C=C/C(=O)N[C@H](CC(N)=O)C(=O)N[C@@H]1C(=O)N[C@H](c2ccc(O)cc2)C(=O)N[C@H](CCCN)C(=O)N[C@H]([C@@H](C)O)C(=O)N[C@H](c2ccc(O)cc2)C(=O)N[C@H](c2ccc(O)cc2)C(=O)N[C@@H]([C@H](C)O)C(=O)N[C@H](Cc2ccccc2)C(=O)N[C@H](CCCN)C(=O)N[C@@H](c2ccc(O[C@@H]3O[C@H](CO)[C@@H](O)[C@H](O)[C@@H]3O[C@H]3O[C@H](CO)[C@@H](O)[C@H](O)[C@@H]3O)cc2)C(=O)N[C@H]([C@@H](C)O)C(=O)N[C@@H](c2ccc(O)cc2)C(=O)NCC(=O)N[C@@H](CC(C)C)C(=O)N[C@@H](C)C(=O)N[C@H](c2ccc(O)c(Cl)c2)C(=O)O[C@H]1C(N)=O,0,KGZHFKDNSAEOJX-GVRPVQITSA-N,marketed_clean
CC(C)(C)NCC(O)c1ccc(O)c(NC(N)=O)c1,0,KEMXXQOFIRIICG-UHFFFAOYSA-N,marketed_clean
CN1C(=O)CCS(=O)(=O)C1c1ccc(Cl)cc1,1,WEQAYVWKMWHEJO-UHFFFAOYSA-N,tdc
O=C1NC(O)CCN1[C@@H]1O[C@H](CO)[C@@H](O)[C@H]1O,0,UCKYOOZPSJFJIZ-XVKVHKPRSA-N,marketed_clean
CCNC1C2CCC(C2)C1c1ccccc1,0,IKFBPFGUINLYQI-UHFFFAOYSA-N,marketed_clean
Fc1ccc(CN2CCC(Nc3ccc(C(F)(F)F)nn3)CC2)cc1F,0,UVUYWJWYRLJHEN-UHFFFAOYSA-N,marketed_clean
CO[C@@H]1[C@@H](OC(=O)c2ccc(C)[nH]2)[C@@H](O)[C@H](Oc2ccc3c(O)c(NC(=O)c4ccc(O)c(CC=C(C)C)c4)c(=O)oc3c2Cl)OC1(C)C,0,FJAQNRBDVKIIKK-LFLQOBSNSA-N,marketed_clean
CCCOC(=O)c1ccc(O)cc1,0,QELSKZZBTMNZEB-UHFFFAOYSA-N,marketed_clean
Cc1ccccc1N1C(=O)c2cc(S(N)(=O)=O)c(Cl)cc2NC1C,1,AQCHWTWZEMGIFD-UHFFFAOYSA-N,tdc
CO[C@@H]1[C@@H](O[C@@H]2O[C@H](C)[C@@H](O[C@H]3C[C@@](C)(O)[C@@H](OC(=O)CC(C)C)[C@H](C)O3)[C@H](N(C)C)[C@H]2O)[C@@H](CC=O)C[C@@H](C)[C@@H](O)/C=C/C=C/C[C@@H](C)OC(=O)C[C@H]1O,0,IEMDOFXTVAPVLX-YWQHLDGFSA-N,marketed_clean
CC1=C2C[C@H]3[C@@H](CC[C@@H]4C[C@H](NS(C)(=O)=O)CC[C@@]43C)[C@@H]2CC[C@@]2(C1)O[C@@H]1C[C@H](C)CN[C@H]1[C@H]2C,0,HZLFFNCLTRVYJG-WWGOJCOQSA-N,marketed_clean
CC(C)(C)NC(=O)C1CN(Cc2cccnc2)CCN1CC(O)CC(Cc1ccccc1)C(=O)NC1c2ccccc2CC1O,1,CBVCZFGXHXORBI-UHFFFAOYSA-N,tdc
COC(=O)N[C@H](C(=O)N1CCC[C@H]1c1nc(-c2ccc3c(c2)O[C@@H](c2ccccc2)n2c-3cc3cc(-c4c[nH]c([C@@H]5CCCN5C(=O)[C@@H](NC(=O)OC)C(C)C)n4)ccc32)c[nH]1)C(C)C,0,BVAZQCUMNICBAQ-PZHYSIFUSA-N,marketed_clean
Cc1oc(=O)oc1COC(=O)[C@@H]1N2C(=O)[C@@H](NC(=O)[C@H](N)c3ccccc3)[C@H]2SC1(C)C,0,ZKUKMWMSYCIYRD-ZXFNITATSA-N,marketed_clean
[Xe],0,FHNFHKCVQCLJFQ-UHFFFAOYSA-N,marketed_clean
CC(=O)O[C@@H]1[C@H](N)[C@@H](OP(=O)(O)O)[C@@]2(C(=O)O)CS[C@@](O)(C(N)=O)[C@@H]1O2,0,UVAAUIDYGIWLMB-HGNFPZBQSA-N,marketed_clean
CCCCCC[C@](O)(Cn1ccnc1)c1ccc(Cl)cc1Cl,0,WJBNLGBHMWNHRZ-KRWDZBQOSA-N,marketed_clean
CCCC(CCC)C(=O)O,0,NIJJYAXOARWZEE-UHFFFAOYSA-N,marketed_clean
C[N+](C)(C)[C@@H](CCc1ncc(C[C@H](N)C(=O)O)[nH]1)C(N)=O,0,FOOBQHKMWYGHCE-UWVGGRQHSA-O,marketed_clean
CCCCCCCCCCCC(=O)O,0,POULHZVOKOAJMA-UHFFFAOYSA-N,marketed_clean
Cc1nc2c(c(=O)[nH]1)CSCC2,0,HRYKZAKEAVZGJD-UHFFFAOYSA-N,marketed_clean
Cc1cc2c(s1)c1cnn(Cc3ccccc3F)c(=O)c1n2C,0,IEWYEWDDQWYJLU-UHFFFAOYSA-N,marketed_clean
CC(C(=O)O)c1ccc2oc(-c3ccc(Cl)cc3)nc2c1,1,MITFXPHMIHQXPI-UHFFFAOYSA-N,tdc
CC(=O)Oc1ccc2c3c1O[C@H]1[C@@H](OC(C)=O)C=C[C@H]4[C@@H](C2)N(C)CC[C@@]341,0,GVGLGOZIDCSQPN-PVHGPHFFSA-N,marketed_clean
CCc1cnn2c(NCc3cnc(N)nc3)cc(-c3c(F)cccc3F)nc12,0,HQPVGVSQPQVZLD-UHFFFAOYSA-N,marketed_clean
CC1=C(CC(=O)O)c2cc(F)ccc2C1=Cc1ccc(S(C)=O)cc1,1,MLKXDPUZXIRXEP-UHFFFAOYSA-N,tdc
[N-]=[N+]=NC[C@H](O)c1ccc([N+](=O)[O-])cc1,0,DHEGJYKMZJGYGW-QMMMGPOBSA-N,marketed_clean
OCC(S)CS,1,WQABCVAJNWAXTE-UHFFFAOYSA-N,tdc
O=C(O)c1cc(O)c2c3nc4ccccc4oc-3cc(=O)c2n1,0,OKPNYGAWTYOBFZ-UHFFFAOYSA-N,marketed_clean
CCCS(=O)(=O)N[C@H]1C[C@@H](N(C)c2ncnc3[nH]ccc23)C1,0,IUEWXNHSKRWHDY-PHIMTYICSA-N,marketed_clean
CO[C@@]1(NC(=O)C2SC(=C(C(N)=O)C(=O)O)S2)C(=O)N2C(C(=O)O)=C(CSc3nnnn3C)CS[C@@H]21,0,SRZNHPXWXCNNDU-RHBCBLIFSA-N,marketed_clean
N#Cc1c(NC(=O)c2ccccc2F)sc2c1CCCC2,0,YVYPYORTKAIUGJ-UHFFFAOYSA-N,marketed_clean
CCCCc1nc(Cl)c(CO)n1Cc1ccc(-c2ccccc2-c2nn[nH]n2)cc1,1,PSIFNNKUMBGKDQ-UHFFFAOYSA-N,tdc
O=C(O)C[C@H](C(=O)O)C(=O)C(=O)O,0,UFSCUAXLTRFIDC-REOHCLBHSA-N,marketed_clean
OC(Cn1cncn1)(Cn1cncn1)c1ccc(F)cc1F,1,RFHAOTPXVQNOHP-UHFFFAOYSA-N,tdc
NC(=O)[C@H](CCCCN=C(N)N)NC(=O)[C@@H](Cc1ccc(O)cc1)NC(=O)[C@@H]1CCN1C(=O)[C@@H](CC1CCCCC1)NC(=O)C1CCC(CN=C(N)N)CC1,0,PCCHJIAHIWBHDQ-LYIDBXFPSA-N,marketed_clean
COc1ccc(CCN(C)CCCC(C#N)(c2ccc(OC)c(OC)c2)C(C)C)cc1OC,1,SGTNSNPWRIOYBX-UHFFFAOYSA-N,tdc
O=C1NC(=O)C(c2ccccc2)(c2ccccc2)N1,1,CXOFVDLJLONNDW-UHFFFAOYSA-N,tdc
CCC(C)CC(C)CCCCCCCCC(=O)NC1C[C@@H](O)[C@@H](NCCN)NC(=O)[C@@H]2[C@@H](O)CCN2C(=O)[C@H]([C@H](O)CCN)NC(=O)[C@H]([C@H](O)[C@@H](O)c2ccc(O)cc2)NC(=O)[C@@H]2C[C@@H](O)CN2C(=O)[C@H]([C@@H](C)O)NC1=O,0,JYIKNQVWKBUSNH-QWDBRQCVSA-N,marketed_clean
[18FH],0,KRHYYFGTRYWZRS-BJUDXGSMSA-N,marketed_clean
NC(=O)c1cnc2[nH]ccc2c1NC1[C@@H]2CC3C[C@H]1CC(O)(C3)C2,0,DREIJXJRTLTGJC-JQCLMNFQSA-N,marketed_clean
COC1C=COC2(C)Oc3c(C)c(O)c4c(c3C2=O)C(=O)C(=CNN2CCN(C)CC2)C(=C4O)NC(=O)C(C)=CC=CC(C)C(O)C(C)C(O)C(C)C(OC(C)=O)C1C,1,FZYOVNIOYYPUPY-UHFFFAOYSA-N,tdc
